Year,Predator,Farm_ID,Stage,Source,Mean,SD,Median,Lower,Upper
2017,Both,LC1,Tillering,Rice herbivore,0.24,0.061,0.235,0.135,0.369
2017,Both,LC1,Tillering,Tourist herbivore,0.246,0.11,0.24,0.06,0.456
2017,Both,LC1,Tillering,Detritivore,0.514,0.12,0.506,0.311,0.752
2017,Both,LC1,Flowering,Rice herbivore,0.798,0.064,0.803,0.664,0.909
2017,Both,LC1,Flowering,Tourist herbivore,0.111,0.067,0.095,0.023,0.274
2017,Both,LC1,Flowering,Detritivore,0.092,0.042,0.085,0.028,0.194
2017,Both,LC1,Ripening,Rice herbivore,0.85,0.049,0.855,0.742,0.934
2017,Both,LC1,Ripening,Tourist herbivore,0.054,0.032,0.048,0.014,0.134
2017,Both,LC1,Ripening,Detritivore,0.096,0.046,0.09,0.017,0.2
2017,Both,LO1,Tillering,Rice herbivore,0.42,0.139,0.41,0.176,0.71
2017,Both,LO1,Tillering,Tourist herbivore,0.297,0.149,0.291,0.039,0.6
2017,Both,LO1,Tillering,Detritivore,0.283,0.143,0.264,0.061,0.609
2017,Both,LO1,Flowering,Rice herbivore,0.874,0.068,0.885,0.718,0.974
2017,Both,LO1,Flowering,Tourist herbivore,0.091,0.064,0.077,0.009,0.246
2017,Both,LO1,Flowering,Detritivore,0.035,0.028,0.027,0.004,0.108
2017,Both,LO1,Ripening,Rice herbivore,0.917,0.046,0.926,0.807,0.981
2017,Both,LO1,Ripening,Tourist herbivore,0.047,0.036,0.037,0.004,0.138
2017,Both,LO1,Ripening,Detritivore,0.036,0.029,0.028,0.003,0.113
2017,Both,MC1,Tillering,Rice herbivore,0.124,0.065,0.111,0.04,0.29
2017,Both,MC1,Tillering,Tourist herbivore,0.258,0.153,0.246,0.021,0.596
2017,Both,MC1,Tillering,Detritivore,0.618,0.166,0.624,0.272,0.903
2017,Both,MC1,Flowering,Rice herbivore,0.631,0.116,0.637,0.38,0.843
2017,Both,MC1,Flowering,Tourist herbivore,0.183,0.123,0.16,0.018,0.484
2017,Both,MC1,Flowering,Detritivore,0.186,0.091,0.179,0.036,0.383
2017,Both,MC1,Ripening,Rice herbivore,0.697,0.099,0.696,0.507,0.895
2017,Both,MC1,Ripening,Tourist herbivore,0.102,0.077,0.085,0.009,0.299
2017,Both,MC1,Ripening,Detritivore,0.201,0.093,0.202,0.024,0.383
2017,Both,MO1,Tillering,Rice herbivore,0.216,0.125,0.193,0.041,0.5
2017,Both,MO1,Tillering,Tourist herbivore,0.326,0.213,0.282,0.031,0.807
2017,Both,MO1,Tillering,Detritivore,0.458,0.183,0.464,0.099,0.811
2017,Both,MO1,Flowering,Rice herbivore,0.706,0.18,0.746,0.296,0.948
2017,Both,MO1,Flowering,Tourist herbivore,0.2,0.184,0.131,0.008,0.63
2017,Both,MO1,Flowering,Detritivore,0.094,0.062,0.081,0.013,0.248
2017,Both,MO1,Ripening,Rice herbivore,0.786,0.12,0.805,0.509,0.958
2017,Both,MO1,Ripening,Tourist herbivore,0.109,0.109,0.072,0.005,0.409
2017,Both,MO1,Ripening,Detritivore,0.105,0.069,0.091,0.012,0.268
2017,Both,SC1,Tillering,Rice herbivore,0.128,0.067,0.114,0.039,0.291
2017,Both,SC1,Tillering,Tourist herbivore,0.104,0.084,0.082,0.008,0.312
2017,Both,SC1,Tillering,Detritivore,0.768,0.113,0.783,0.508,0.936
2017,Both,SC1,Flowering,Rice herbivore,0.68,0.105,0.682,0.465,0.875
2017,Both,SC1,Flowering,Tourist herbivore,0.079,0.072,0.058,0.007,0.283
2017,Both,SC1,Flowering,Detritivore,0.241,0.1,0.237,0.06,0.441
2017,Both,SC1,Ripening,Rice herbivore,0.71,0.113,0.707,0.497,0.928
2017,Both,SC1,Ripening,Tourist herbivore,0.039,0.04,0.028,0.003,0.137
2017,Both,SC1,Ripening,Detritivore,0.251,0.113,0.254,0.04,0.469
2017,Both,SO1,Tillering,Rice herbivore,0.117,0.059,0.105,0.034,0.265
2017,Both,SO1,Tillering,Tourist herbivore,0.113,0.089,0.09,0.008,0.326
2017,Both,SO1,Tillering,Detritivore,0.771,0.108,0.784,0.538,0.934
2017,Both,SO1,Flowering,Rice herbivore,0.654,0.122,0.657,0.409,0.872
2017,Both,SO1,Flowering,Tourist herbivore,0.092,0.083,0.066,0.007,0.31
2017,Both,SO1,Flowering,Detritivore,0.255,0.112,0.243,0.071,0.494
2017,Both,SO1,Ripening,Rice herbivore,0.696,0.105,0.695,0.491,0.896
2017,Both,SO1,Ripening,Tourist herbivore,0.045,0.042,0.033,0.004,0.155
2017,Both,SO1,Ripening,Detritivore,0.259,0.106,0.263,0.058,0.467
2017,Spider,LC1,Tillering,Rice herbivore,0.216,0.043,0.214,0.14,0.306
2017,Spider,LC1,Tillering,Tourist herbivore,0.351,0.068,0.354,0.21,0.479
2017,Spider,LC1,Tillering,Detritivore,0.433,0.071,0.428,0.309,0.585
2017,Spider,LC1,Flowering,Rice herbivore,0.797,0.048,0.8,0.697,0.881
2017,Spider,LC1,Flowering,Tourist herbivore,0.13,0.044,0.126,0.057,0.223
2017,Spider,LC1,Flowering,Detritivore,0.073,0.028,0.07,0.03,0.138
2017,Spider,LC1,Ripening,Rice herbivore,0.812,0.05,0.815,0.705,0.901
2017,Spider,LC1,Ripening,Tourist herbivore,0.081,0.034,0.076,0.028,0.161
2017,Spider,LC1,Ripening,Detritivore,0.108,0.042,0.104,0.033,0.201
2017,Spider,LO1,Tillering,Rice herbivore,0.438,0.105,0.432,0.24,0.654
2017,Spider,LO1,Tillering,Tourist herbivore,0.355,0.11,0.355,0.138,0.575
2017,Spider,LO1,Tillering,Detritivore,0.207,0.101,0.199,0.047,0.43
2017,Spider,LO1,Flowering,Rice herbivore,0.903,0.04,0.907,0.812,0.965
2017,Spider,LO1,Flowering,Tourist herbivore,0.076,0.036,0.071,0.021,0.162
2017,Spider,LO1,Flowering,Detritivore,0.021,0.016,0.017,0.003,0.06
2017,Spider,LO1,Ripening,Rice herbivore,0.921,0.037,0.927,0.829,0.974
2017,Spider,LO1,Ripening,Tourist herbivore,0.048,0.028,0.042,0.01,0.118
2017,Spider,LO1,Ripening,Detritivore,0.031,0.023,0.025,0.004,0.09
2017,Spider,MC1,Tillering,Rice herbivore,0.182,0.065,0.172,0.083,0.338
2017,Spider,MC1,Tillering,Tourist herbivore,0.249,0.107,0.247,0.052,0.471
2017,Spider,MC1,Tillering,Detritivore,0.568,0.13,0.566,0.303,0.828
2017,Spider,MC1,Flowering,Rice herbivore,0.773,0.068,0.777,0.636,0.896
2017,Spider,MC1,Flowering,Tourist herbivore,0.107,0.051,0.101,0.028,0.22
2017,Spider,MC1,Flowering,Detritivore,0.119,0.057,0.113,0.027,0.247
2017,Spider,MC1,Ripening,Rice herbivore,0.766,0.074,0.765,0.626,0.912
2017,Spider,MC1,Ripening,Tourist herbivore,0.065,0.036,0.059,0.013,0.15
2017,Spider,MC1,Ripening,Detritivore,0.169,0.074,0.168,0.031,0.317
2017,Spider,MO1,Tillering,Rice herbivore,0.076,0.055,0.064,0.019,0.199
2017,Spider,MO1,Tillering,Tourist herbivore,0.78,0.126,0.808,0.464,0.945
2017,Spider,MO1,Tillering,Detritivore,0.144,0.105,0.117,0.017,0.413
2017,Spider,MO1,Flowering,Rice herbivore,0.446,0.124,0.439,0.225,0.715
2017,Spider,MO1,Flowering,Tourist herbivore,0.514,0.123,0.518,0.252,0.734
2017,Spider,MO1,Flowering,Detritivore,0.04,0.029,0.033,0.005,0.116
2017,Spider,MO1,Ripening,Rice herbivore,0.547,0.121,0.549,0.312,0.792
2017,Spider,MO1,Ripening,Tourist herbivore,0.382,0.118,0.381,0.15,0.619
2017,Spider,MO1,Ripening,Detritivore,0.071,0.05,0.061,0.009,0.193
2017,Spider,SC1,Tillering,Rice herbivore,0.116,0.059,0.103,0.037,0.265
2017,Spider,SC1,Tillering,Tourist herbivore,0.088,0.057,0.076,0.013,0.224
2017,Spider,SC1,Tillering,Detritivore,0.796,0.085,0.808,0.6,0.932
2017,Spider,SC1,Flowering,Rice herbivore,0.699,0.1,0.701,0.506,0.888
2017,Spider,SC1,Flowering,Tourist herbivore,0.057,0.041,0.047,0.009,0.161
2017,Spider,SC1,Flowering,Detritivore,0.243,0.093,0.237,0.077,0.434
2017,Spider,SC1,Ripening,Rice herbivore,0.645,0.125,0.643,0.397,0.89
2017,Spider,SC1,Ripening,Tourist herbivore,0.033,0.027,0.025,0.004,0.104
2017,Spider,SC1,Ripening,Detritivore,0.322,0.123,0.323,0.079,0.566
2017,Spider,SO1,Tillering,Rice herbivore,0.106,0.048,0.098,0.035,0.219
2017,Spider,SO1,Tillering,Tourist herbivore,0.123,0.07,0.112,0.018,0.276
2017,Spider,SO1,Tillering,Detritivore,0.771,0.085,0.773,0.592,0.922
2017,Spider,SO1,Flowering,Rice herbivore,0.671,0.11,0.678,0.44,0.859
2017,Spider,SO1,Flowering,Tourist herbivore,0.084,0.057,0.071,0.012,0.229
2017,Spider,SO1,Flowering,Detritivore,0.245,0.1,0.232,0.084,0.471
2017,Spider,SO1,Ripening,Rice herbivore,0.63,0.112,0.633,0.394,0.838
2017,Spider,SO1,Ripening,Tourist herbivore,0.048,0.036,0.039,0.006,0.143
2017,Spider,SO1,Ripening,Detritivore,0.322,0.113,0.318,0.121,0.567
2017,Ladybeetle,LC1,Flowering,Rice herbivore,0.506,0.335,0.668,0.007,0.912
2017,Ladybeetle,LC1,Flowering,Tourist herbivore,0.329,0.374,0.055,0.001,0.935
2017,Ladybeetle,LC1,Flowering,Detritivore,0.166,0.093,0.153,0.023,0.377
2017,Ladybeetle,LC1,Ripening,Rice herbivore,0.563,0.414,0.839,0.002,0.978
2017,Ladybeetle,LC1,Ripening,Tourist herbivore,0.368,0.436,0.022,0,0.984
2017,Ladybeetle,LC1,Ripening,Detritivore,0.069,0.057,0.055,0.004,0.214
2017,Ladybeetle,LO1,Ripening,Rice herbivore,0.555,0.404,0.756,0.001,0.992
2017,Ladybeetle,LO1,Ripening,Tourist herbivore,0.36,0.423,0.03,0,0.992
2017,Ladybeetle,LO1,Ripening,Detritivore,0.086,0.096,0.047,0.001,0.33
2017,Ladybeetle,MC1,Tillering,Rice herbivore,0.315,0.286,0.248,0.001,0.91
2017,Ladybeetle,MC1,Tillering,Tourist herbivore,0.276,0.338,0.061,0,0.975
2017,Ladybeetle,MC1,Tillering,Detritivore,0.409,0.257,0.403,0.009,0.904
2017,Ladybeetle,MO1,Tillering,Rice herbivore,0.208,0.19,0.162,0.002,0.653
2017,Ladybeetle,MO1,Tillering,Tourist herbivore,0.224,0.282,0.059,0,0.933
2017,Ladybeetle,MO1,Tillering,Detritivore,0.568,0.233,0.607,0.025,0.921
2017,Ladybeetle,MO1,Flowering,Rice herbivore,0.389,0.254,0.412,0.004,0.837
2017,Ladybeetle,MO1,Flowering,Tourist herbivore,0.254,0.287,0.094,0,0.898
2017,Ladybeetle,MO1,Flowering,Detritivore,0.357,0.178,0.358,0.028,0.705
2017,Ladybeetle,MO1,Ripening,Rice herbivore,0.497,0.346,0.622,0.002,0.957
2017,Ladybeetle,MO1,Ripening,Tourist herbivore,0.323,0.377,0.049,0,0.971
2017,Ladybeetle,MO1,Ripening,Detritivore,0.181,0.13,0.157,0.006,0.471
2017,Ladybeetle,SC1,Flowering,Rice herbivore,0.439,0.312,0.457,0.004,0.954
2017,Ladybeetle,SC1,Flowering,Tourist herbivore,0.309,0.353,0.072,0,0.966
2017,Ladybeetle,SC1,Flowering,Detritivore,0.252,0.2,0.211,0.008,0.716
2017,Ladybeetle,SC1,Ripening,Rice herbivore,0.515,0.382,0.644,0.001,0.989
2017,Ladybeetle,SC1,Ripening,Tourist herbivore,0.354,0.416,0.035,0,0.99
2017,Ladybeetle,SC1,Ripening,Detritivore,0.131,0.14,0.077,0.002,0.486
2017,Ladybeetle,SO1,Ripening,Rice herbivore,0.505,0.386,0.616,0.001,0.991
2017,Ladybeetle,SO1,Ripening,Tourist herbivore,0.357,0.42,0.035,0,0.991
2017,Ladybeetle,SO1,Ripening,Detritivore,0.138,0.155,0.076,0.001,0.554
2018,Both,LC1,Tillering,Rice herbivore,0.343,0.145,0.334,0.1,0.654
2018,Both,LC1,Tillering,Tourist herbivore,0.25,0.182,0.211,0.016,0.663
2018,Both,LC1,Tillering,Detritivore,0.407,0.172,0.4,0.098,0.772
2018,Both,LC1,Flowering,Rice herbivore,0.836,0.117,0.867,0.527,0.969
2018,Both,LC1,Flowering,Tourist herbivore,0.101,0.112,0.062,0.005,0.424
2018,Both,LC1,Flowering,Detritivore,0.063,0.052,0.049,0.007,0.199
2018,Both,LC1,Ripening,Rice herbivore,0.887,0.071,0.9,0.73,0.977
2018,Both,LC1,Ripening,Tourist herbivore,0.049,0.056,0.032,0.002,0.178
2018,Both,LC1,Ripening,Detritivore,0.064,0.049,0.053,0.005,0.187
2018,Both,LC2,Tillering,Rice herbivore,0.289,0.15,0.265,0.062,0.622
2018,Both,LC2,Tillering,Tourist herbivore,0.242,0.165,0.21,0.019,0.63
2018,Both,LC2,Tillering,Detritivore,0.469,0.192,0.468,0.11,0.835
2018,Both,LC2,Ripening,Rice herbivore,0.846,0.105,0.87,0.583,0.973
2018,Both,LC2,Ripening,Tourist herbivore,0.06,0.07,0.038,0.003,0.252
2018,Both,LC2,Ripening,Detritivore,0.093,0.078,0.071,0.007,0.295
2018,Both,LC3,Tillering,Rice herbivore,0.578,0.106,0.58,0.357,0.781
2018,Both,LC3,Tillering,Tourist herbivore,0.122,0.091,0.101,0.012,0.358
2018,Both,LC3,Tillering,Detritivore,0.299,0.11,0.294,0.094,0.531
2018,Both,LC3,Flowering,Rice herbivore,0.943,0.036,0.951,0.846,0.985
2018,Both,LC3,Flowering,Tourist herbivore,0.03,0.031,0.02,0.002,0.118
2018,Both,LC3,Flowering,Detritivore,0.027,0.019,0.023,0.005,0.075
2018,Both,LC3,Ripening,Rice herbivore,0.958,0.025,0.963,0.896,0.991
2018,Both,LC3,Ripening,Tourist herbivore,0.014,0.016,0.009,0.001,0.057
2018,Both,LC3,Ripening,Detritivore,0.028,0.02,0.024,0.003,0.077
2018,Both,LO1,Tillering,Rice herbivore,0.301,0.117,0.294,0.091,0.543
2018,Both,LO1,Tillering,Tourist herbivore,0.353,0.142,0.348,0.082,0.641
2018,Both,LO1,Tillering,Detritivore,0.347,0.128,0.339,0.119,0.634
2018,Both,LO1,Flowering,Rice herbivore,0.793,0.124,0.819,0.479,0.953
2018,Both,LO1,Flowering,Tourist herbivore,0.152,0.117,0.122,0.016,0.45
2018,Both,LO1,Flowering,Detritivore,0.055,0.039,0.046,0.009,0.158
2018,Both,LO1,Ripening,Rice herbivore,0.858,0.094,0.881,0.607,0.966
2018,Both,LO1,Ripening,Tourist herbivore,0.084,0.082,0.061,0.009,0.323
2018,Both,LO1,Ripening,Detritivore,0.058,0.04,0.05,0.008,0.161
2018,Both,LO2,Tillering,Rice herbivore,0.266,0.109,0.255,0.091,0.507
2018,Both,LO2,Tillering,Tourist herbivore,0.187,0.138,0.156,0.015,0.527
2018,Both,LO2,Tillering,Detritivore,0.547,0.148,0.55,0.234,0.825
2018,Both,LO2,Flowering,Rice herbivore,0.81,0.099,0.828,0.582,0.951
2018,Both,LO2,Flowering,Tourist herbivore,0.089,0.086,0.061,0.005,0.314
2018,Both,LO2,Flowering,Detritivore,0.101,0.063,0.088,0.019,0.26
2018,Both,LO2,Ripening,Rice herbivore,0.854,0.072,0.863,0.685,0.963
2018,Both,LO2,Ripening,Tourist herbivore,0.043,0.043,0.03,0.003,0.158
2018,Both,LO2,Ripening,Detritivore,0.103,0.063,0.091,0.015,0.253
2018,Both,LO3,Tillering,Rice herbivore,0.271,0.113,0.263,0.076,0.5
2018,Both,LO3,Tillering,Tourist herbivore,0.117,0.131,0.07,0.009,0.533
2018,Both,LO3,Tillering,Detritivore,0.612,0.146,0.619,0.299,0.872
2018,Both,LO3,Ripening,Rice herbivore,0.855,0.081,0.872,0.66,0.967
2018,Both,LO3,Ripening,Tourist herbivore,0.028,0.043,0.014,0.001,0.15
2018,Both,LO3,Ripening,Detritivore,0.116,0.073,0.101,0.016,0.302
2018,Both,MC1,Tillering,Rice herbivore,0.598,0.18,0.619,0.201,0.89
2018,Both,MC1,Tillering,Tourist herbivore,0.106,0.1,0.079,0.011,0.372
2018,Both,MC1,Tillering,Detritivore,0.295,0.182,0.259,0.039,0.705
2018,Both,MC1,Flowering,Rice herbivore,0.941,0.052,0.957,0.812,0.992
2018,Both,MC1,Flowering,Tourist herbivore,0.027,0.038,0.016,0.001,0.115
2018,Both,MC1,Flowering,Detritivore,0.031,0.035,0.019,0.002,0.129
2018,Both,MC1,Ripening,Rice herbivore,0.955,0.044,0.968,0.833,0.995
2018,Both,MC1,Ripening,Tourist herbivore,0.013,0.02,0.007,0.001,0.059
2018,Both,MC1,Ripening,Detritivore,0.032,0.037,0.02,0.001,0.135
2018,Both,MC2,Tillering,Rice herbivore,0.638,0.175,0.67,0.2,0.901
2018,Both,MC2,Tillering,Tourist herbivore,0.165,0.133,0.132,0.014,0.519
2018,Both,MC2,Tillering,Detritivore,0.196,0.149,0.157,0.029,0.623
2018,Both,MC2,Flowering,Rice herbivore,0.939,0.062,0.959,0.761,0.993
2018,Both,MC2,Flowering,Tourist herbivore,0.041,0.052,0.024,0.002,0.198
2018,Both,MC2,Flowering,Detritivore,0.02,0.029,0.011,0.001,0.095
2018,Both,MC2,Ripening,Rice herbivore,0.96,0.044,0.973,0.833,0.995
2018,Both,MC2,Ripening,Tourist herbivore,0.021,0.03,0.011,0.001,0.098
2018,Both,MC2,Ripening,Detritivore,0.02,0.028,0.011,0.001,0.09
2018,Both,MC3,Tillering,Rice herbivore,0.211,0.119,0.192,0.042,0.491
2018,Both,MC3,Tillering,Tourist herbivore,0.328,0.163,0.323,0.042,0.667
2018,Both,MC3,Tillering,Detritivore,0.461,0.179,0.451,0.124,0.827
2018,Both,MC3,Flowering,Rice herbivore,0.709,0.155,0.733,0.351,0.938
2018,Both,MC3,Flowering,Tourist herbivore,0.182,0.134,0.154,0.015,0.509
2018,Both,MC3,Flowering,Detritivore,0.108,0.088,0.084,0.012,0.342
2018,Both,MC3,Ripening,Rice herbivore,0.78,0.132,0.808,0.453,0.954
2018,Both,MC3,Ripening,Tourist herbivore,0.102,0.087,0.079,0.008,0.332
2018,Both,MC3,Ripening,Detritivore,0.118,0.096,0.092,0.01,0.369
2018,Both,MO1,Tillering,Rice herbivore,0.133,0.136,0.082,0.012,0.52
2018,Both,MO1,Tillering,Tourist herbivore,0.214,0.211,0.14,0.009,0.788
2018,Both,MO1,Tillering,Detritivore,0.653,0.251,0.721,0.104,0.96
2018,Both,MO1,Flowering,Rice herbivore,0.569,0.211,0.549,0.2,0.953
2018,Both,MO1,Flowering,Tourist herbivore,0.163,0.171,0.101,0.007,0.65
2018,Both,MO1,Flowering,Detritivore,0.267,0.195,0.252,0.011,0.665
2018,Both,MO1,Ripening,Rice herbivore,0.637,0.197,0.649,0.211,0.959
2018,Both,MO1,Ripening,Tourist herbivore,0.091,0.105,0.055,0.004,0.401
2018,Both,MO1,Ripening,Detritivore,0.272,0.198,0.241,0.015,0.717
2018,Both,MO2,Tillering,Rice herbivore,0.126,0.088,0.106,0.018,0.333
2018,Both,MO2,Tillering,Tourist herbivore,0.544,0.21,0.57,0.02,0.867
2018,Both,MO2,Tillering,Detritivore,0.33,0.216,0.283,0.047,0.914
2018,Both,MO2,Flowering,Rice herbivore,0.54,0.194,0.557,0.149,0.87
2018,Both,MO2,Flowering,Tourist herbivore,0.354,0.206,0.327,0.032,0.795
2018,Both,MO2,Flowering,Detritivore,0.106,0.113,0.066,0.007,0.443
2018,Both,MO3,Tillering,Rice herbivore,0.137,0.101,0.111,0.017,0.395
2018,Both,MO3,Tillering,Tourist herbivore,0.421,0.19,0.425,0.037,0.772
2018,Both,MO3,Tillering,Detritivore,0.442,0.204,0.423,0.097,0.895
2018,Both,MO3,Flowering,Rice herbivore,0.568,0.194,0.571,0.174,0.902
2018,Both,MO3,Flowering,Tourist herbivore,0.288,0.18,0.259,0.028,0.704
2018,Both,MO3,Flowering,Detritivore,0.144,0.127,0.104,0.01,0.482
2018,Both,SC1,Tillering,Rice herbivore,0.347,0.146,0.341,0.091,0.646
2018,Both,SC1,Tillering,Tourist herbivore,0.258,0.145,0.243,0.031,0.589
2018,Both,SC1,Tillering,Detritivore,0.395,0.177,0.377,0.101,0.784
2018,Both,SC1,Flowering,Rice herbivore,0.834,0.103,0.856,0.584,0.968
2018,Both,SC1,Flowering,Tourist herbivore,0.1,0.085,0.078,0.008,0.319
2018,Both,SC1,Flowering,Detritivore,0.066,0.061,0.046,0.006,0.238
2018,Both,SC1,Ripening,Rice herbivore,0.882,0.077,0.901,0.688,0.978
2018,Both,SC1,Ripening,Tourist herbivore,0.051,0.046,0.037,0.005,0.174
2018,Both,SC1,Ripening,Detritivore,0.068,0.061,0.048,0.005,0.237
2018,Both,SO1,Tillering,Rice herbivore,0.128,0.059,0.119,0.041,0.273
2018,Both,SO1,Tillering,Tourist herbivore,0.054,0.047,0.044,0.006,0.16
2018,Both,SO1,Tillering,Detritivore,0.818,0.076,0.825,0.652,0.937
2018,Both,SO1,Flowering,Rice herbivore,0.699,0.111,0.71,0.462,0.886
2018,Both,SO1,Flowering,Tourist herbivore,0.045,0.047,0.032,0.003,0.159
2018,Both,SO1,Flowering,Detritivore,0.257,0.107,0.247,0.082,0.496
2018,Both,SO1,Ripening,Rice herbivore,0.72,0.114,0.726,0.481,0.926
2018,Both,SO1,Ripening,Tourist herbivore,0.022,0.024,0.015,0.002,0.079
2018,Both,SO1,Ripening,Detritivore,0.258,0.114,0.252,0.053,0.5
2018,Spider,LC1,Tillering,Rice herbivore,0.044,0.053,0.027,0.006,0.22
2018,Spider,LC1,Tillering,Tourist herbivore,0.3,0.145,0.287,0.059,0.624
2018,Spider,LC1,Tillering,Detritivore,0.656,0.157,0.67,0.31,0.919
2018,Spider,LC1,Flowering,Rice herbivore,0.355,0.184,0.324,0.092,0.822
2018,Spider,LC1,Flowering,Tourist herbivore,0.307,0.148,0.293,0.059,0.625
2018,Spider,LC1,Flowering,Detritivore,0.338,0.164,0.34,0.049,0.673
2018,Spider,LC2,Tillering,Rice herbivore,0.25,0.146,0.234,0.027,0.576
2018,Spider,LC2,Tillering,Tourist herbivore,0.26,0.15,0.237,0.042,0.641
2018,Spider,LC2,Tillering,Detritivore,0.49,0.189,0.485,0.122,0.865
2018,Spider,LC3,Tillering,Rice herbivore,0.637,0.1,0.637,0.429,0.833
2018,Spider,LC3,Tillering,Tourist herbivore,0.11,0.068,0.097,0.02,0.273
2018,Spider,LC3,Tillering,Detritivore,0.253,0.102,0.246,0.068,0.462
2018,Spider,LC3,Flowering,Rice herbivore,0.964,0.019,0.968,0.914,0.99
2018,Spider,LC3,Flowering,Tourist herbivore,0.018,0.015,0.014,0.002,0.057
2018,Spider,LC3,Flowering,Detritivore,0.019,0.013,0.016,0.003,0.05
2018,Spider,LO1,Tillering,Rice herbivore,0.206,0.093,0.195,0.062,0.412
2018,Spider,LO1,Tillering,Tourist herbivore,0.46,0.137,0.446,0.219,0.75
2018,Spider,LO1,Tillering,Detritivore,0.335,0.136,0.334,0.085,0.609
2018,Spider,LO1,Flowering,Rice herbivore,0.742,0.118,0.762,0.46,0.914
2018,Spider,LO1,Flowering,Tourist herbivore,0.193,0.105,0.172,0.049,0.434
2018,Spider,LO1,Flowering,Detritivore,0.065,0.047,0.053,0.01,0.185
2018,Spider,LO1,Ripening,Rice herbivore,0.778,0.107,0.796,0.518,0.932
2018,Spider,LO1,Ripening,Tourist herbivore,0.126,0.08,0.107,0.025,0.327
2018,Spider,LO1,Ripening,Detritivore,0.097,0.067,0.082,0.013,0.268
2018,Spider,LO2,Tillering,Rice herbivore,0.301,0.092,0.298,0.131,0.49
2018,Spider,LO2,Tillering,Tourist herbivore,0.262,0.097,0.254,0.088,0.469
2018,Spider,LO2,Tillering,Detritivore,0.437,0.118,0.433,0.215,0.68
2018,Spider,LO2,Flowering,Rice herbivore,0.857,0.062,0.868,0.71,0.947
2018,Spider,LO2,Flowering,Tourist herbivore,0.08,0.044,0.072,0.019,0.189
2018,Spider,LO2,Flowering,Detritivore,0.063,0.039,0.054,0.015,0.164
2018,Spider,LO2,Ripening,Rice herbivore,0.861,0.061,0.87,0.718,0.951
2018,Spider,LO2,Ripening,Tourist herbivore,0.049,0.03,0.043,0.01,0.121
2018,Spider,LO2,Ripening,Detritivore,0.09,0.052,0.08,0.018,0.219
2018,Spider,LO3,Tillering,Rice herbivore,0.155,0.079,0.14,0.046,0.343
2018,Spider,LO3,Tillering,Tourist herbivore,0.213,0.11,0.203,0.034,0.449
2018,Spider,LO3,Tillering,Detritivore,0.631,0.139,0.636,0.357,0.876
2018,Spider,LO3,Ripening,Rice herbivore,0.71,0.12,0.716,0.469,0.911
2018,Spider,LO3,Ripening,Tourist herbivore,0.065,0.044,0.055,0.01,0.171
2018,Spider,LO3,Ripening,Detritivore,0.224,0.116,0.215,0.042,0.474
2018,Spider,MC1,Tillering,Rice herbivore,0.725,0.102,0.73,0.51,0.907
2018,Spider,MC1,Tillering,Tourist herbivore,0.144,0.089,0.128,0.022,0.363
2018,Spider,MC1,Tillering,Detritivore,0.13,0.074,0.12,0.023,0.296
2018,Spider,MC1,Flowering,Rice herbivore,0.971,0.02,0.975,0.921,0.994
2018,Spider,MC1,Flowering,Tourist herbivore,0.021,0.018,0.016,0.002,0.068
2018,Spider,MC1,Flowering,Detritivore,0.008,0.007,0.006,0.001,0.026
2018,Spider,MC1,Ripening,Rice herbivore,0.975,0.017,0.978,0.933,0.995
2018,Spider,MC1,Ripening,Tourist herbivore,0.013,0.013,0.009,0.001,0.046
2018,Spider,MC1,Ripening,Detritivore,0.012,0.011,0.01,0.001,0.041
2018,Spider,MC2,Tillering,Rice herbivore,0.766,0.095,0.775,0.558,0.925
2018,Spider,MC2,Tillering,Tourist herbivore,0.127,0.08,0.112,0.018,0.312
2018,Spider,MC2,Tillering,Detritivore,0.107,0.07,0.092,0.019,0.283
2018,Spider,MC2,Flowering,Rice herbivore,0.976,0.017,0.98,0.933,0.995
2018,Spider,MC2,Flowering,Tourist herbivore,0.017,0.016,0.014,0.002,0.058
2018,Spider,MC2,Flowering,Detritivore,0.007,0.006,0.005,0.001,0.023
2018,Spider,MC3,Tillering,Rice herbivore,0.217,0.098,0.208,0.064,0.433
2018,Spider,MC3,Tillering,Tourist herbivore,0.352,0.121,0.344,0.134,0.62
2018,Spider,MC3,Tillering,Detritivore,0.43,0.14,0.428,0.162,0.721
2018,Spider,MC3,Flowering,Rice herbivore,0.771,0.106,0.789,0.523,0.927
2018,Spider,MC3,Flowering,Tourist herbivore,0.143,0.078,0.128,0.037,0.335
2018,Spider,MC3,Flowering,Detritivore,0.085,0.061,0.068,0.014,0.246
2018,Spider,MC3,Ripening,Rice herbivore,0.786,0.106,0.806,0.53,0.937
2018,Spider,MC3,Ripening,Tourist herbivore,0.09,0.057,0.076,0.019,0.239
2018,Spider,MC3,Ripening,Detritivore,0.124,0.085,0.105,0.018,0.344
2018,Spider,MO1,Tillering,Rice herbivore,0.028,0.049,0.019,0.004,0.096
2018,Spider,MO1,Tillering,Tourist herbivore,0.129,0.104,0.104,0.015,0.393
2018,Spider,MO1,Tillering,Detritivore,0.843,0.122,0.873,0.542,0.973
2018,Spider,MO1,Flowering,Rice herbivore,0.3,0.137,0.283,0.091,0.636
2018,Spider,MO1,Flowering,Tourist herbivore,0.16,0.093,0.148,0.024,0.374
2018,Spider,MO1,Flowering,Detritivore,0.539,0.148,0.548,0.167,0.8
2018,Spider,MO1,Ripening,Rice herbivore,0.269,0.157,0.238,0.061,0.668
2018,Spider,MO1,Ripening,Tourist herbivore,0.086,0.066,0.071,0.01,0.248
2018,Spider,MO1,Ripening,Detritivore,0.645,0.176,0.676,0.165,0.895
2018,Spider,MO2,Tillering,Rice herbivore,0.106,0.064,0.092,0.019,0.266
2018,Spider,MO2,Tillering,Tourist herbivore,0.685,0.121,0.692,0.443,0.901
2018,Spider,MO2,Tillering,Detritivore,0.209,0.116,0.194,0.029,0.462
2018,Spider,MO2,Flowering,Rice herbivore,0.538,0.16,0.553,0.183,0.807
2018,Spider,MO2,Flowering,Tourist herbivore,0.401,0.151,0.382,0.155,0.746
2018,Spider,MO2,Flowering,Detritivore,0.061,0.055,0.046,0.005,0.216
2018,Spider,MO3,Tillering,Rice herbivore,0.141,0.09,0.125,0.017,0.345
2018,Spider,MO3,Tillering,Tourist herbivore,0.405,0.149,0.392,0.134,0.727
2018,Spider,MO3,Tillering,Detritivore,0.455,0.159,0.455,0.138,0.774
2018,Spider,SC1,Tillering,Rice herbivore,0.454,0.135,0.464,0.145,0.698
2018,Spider,SC1,Tillering,Tourist herbivore,0.324,0.12,0.32,0.107,0.569
2018,Spider,SC1,Tillering,Detritivore,0.223,0.129,0.201,0.048,0.568
2018,Spider,SC1,Flowering,Rice herbivore,0.899,0.073,0.918,0.7,0.975
2018,Spider,SC1,Flowering,Tourist herbivore,0.075,0.057,0.061,0.013,0.232
2018,Spider,SC1,Flowering,Detritivore,0.025,0.032,0.017,0.003,0.11
2018,Spider,SO1,Tillering,Rice herbivore,0.157,0.06,0.15,0.061,0.287
2018,Spider,SO1,Tillering,Tourist herbivore,0.076,0.047,0.067,0.012,0.186
2018,Spider,SO1,Tillering,Detritivore,0.767,0.076,0.771,0.609,0.901
2018,Spider,SO1,Flowering,Rice herbivore,0.774,0.083,0.783,0.597,0.909
2018,Spider,SO1,Flowering,Tourist herbivore,0.04,0.03,0.033,0.005,0.121
2018,Spider,SO1,Flowering,Detritivore,0.185,0.076,0.176,0.068,0.348
2018,Ladybeetle,LC1,Tillering,Rice herbivore,0.416,0.335,0.431,0.001,0.944
2018,Ladybeetle,LC1,Tillering,Tourist herbivore,0.317,0.37,0.057,0,0.976
2018,Ladybeetle,LC1,Tillering,Detritivore,0.267,0.205,0.222,0.009,0.776
2018,Ladybeetle,LC1,Ripening,Rice herbivore,0.594,0.416,0.86,0.001,0.994
2018,Ladybeetle,LC1,Ripening,Tourist herbivore,0.354,0.423,0.024,0,0.992
2018,Ladybeetle,LC1,Ripening,Detritivore,0.052,0.06,0.033,0.001,0.221
2018,Ladybeetle,LC2,Ripening,Rice herbivore,0.549,0.399,0.729,0.001,0.993
2018,Ladybeetle,LC2,Ripening,Tourist herbivore,0.351,0.417,0.032,0,0.992
2018,Ladybeetle,LC2,Ripening,Detritivore,0.1,0.125,0.051,0.001,0.439
2018,Ladybeetle,LC3,Tillering,Rice herbivore,0.408,0.319,0.452,0.001,0.927
2018,Ladybeetle,LC3,Tillering,Tourist herbivore,0.31,0.363,0.054,0,0.977
2018,Ladybeetle,LC3,Tillering,Detritivore,0.282,0.189,0.263,0.009,0.702
2018,Ladybeetle,LC3,Flowering,Rice herbivore,0.558,0.357,0.714,0.003,0.971
2018,Ladybeetle,LC3,Flowering,Tourist herbivore,0.31,0.364,0.059,0,0.964
2018,Ladybeetle,LC3,Flowering,Detritivore,0.131,0.108,0.104,0.008,0.424
2018,Ladybeetle,LC3,Ripening,Rice herbivore,0.594,0.415,0.863,0.001,0.992
2018,Ladybeetle,LC3,Ripening,Tourist herbivore,0.352,0.423,0.024,0,0.99
2018,Ladybeetle,LC3,Ripening,Detritivore,0.054,0.057,0.035,0.002,0.205
2018,Ladybeetle,LO1,Tillering,Rice herbivore,0.337,0.271,0.346,0.001,0.842
2018,Ladybeetle,LO1,Tillering,Tourist herbivore,0.288,0.332,0.089,0,0.975
2018,Ladybeetle,LO1,Tillering,Detritivore,0.375,0.204,0.376,0.011,0.781
2018,Ladybeetle,LO1,Flowering,Rice herbivore,0.504,0.328,0.607,0.004,0.947
2018,Ladybeetle,LO1,Flowering,Tourist herbivore,0.303,0.34,0.095,0,0.961
2018,Ladybeetle,LO1,Flowering,Detritivore,0.194,0.137,0.168,0.011,0.523
2018,Ladybeetle,LO1,Ripening,Rice herbivore,0.563,0.401,0.799,0.002,0.986
2018,Ladybeetle,LO1,Ripening,Tourist herbivore,0.354,0.412,0.041,0,0.986
2018,Ladybeetle,LO1,Ripening,Detritivore,0.083,0.078,0.06,0.003,0.298
2018,Ladybeetle,LO2,Tillering,Rice herbivore,0.273,0.262,0.205,0.001,0.91
2018,Ladybeetle,LO2,Tillering,Tourist herbivore,0.287,0.355,0.047,0,0.978
2018,Ladybeetle,LO2,Tillering,Detritivore,0.44,0.267,0.46,0.009,0.897
2018,Ladybeetle,LO2,Ripening,Rice herbivore,0.532,0.385,0.707,0.001,0.985
2018,Ladybeetle,LO2,Ripening,Tourist herbivore,0.35,0.415,0.032,0,0.991
2018,Ladybeetle,LO2,Ripening,Detritivore,0.118,0.121,0.084,0.002,0.449
2018,Ladybeetle,LO3,Tillering,Rice herbivore,0.269,0.235,0.25,0.001,0.766
2018,Ladybeetle,LO3,Tillering,Tourist herbivore,0.272,0.335,0.043,0,0.973
2018,Ladybeetle,LO3,Tillering,Detritivore,0.458,0.224,0.485,0.008,0.847
2018,Ladybeetle,LO3,Ripening,Rice herbivore,0.537,0.392,0.752,0.001,0.973
2018,Ladybeetle,LO3,Ripening,Tourist herbivore,0.351,0.416,0.028,0,0.988
2018,Ladybeetle,LO3,Ripening,Detritivore,0.112,0.096,0.091,0.003,0.355
2018,Ladybeetle,MC1,Tillering,Rice herbivore,0.278,0.274,0.187,0.001,0.899
2018,Ladybeetle,MC1,Tillering,Tourist herbivore,0.289,0.359,0.046,0,0.983
2018,Ladybeetle,MC1,Tillering,Detritivore,0.433,0.28,0.437,0.007,0.93
2018,Ladybeetle,MC2,Ripening,Rice herbivore,0.569,0.387,0.736,0.001,0.992
2018,Ladybeetle,MC2,Ripening,Tourist herbivore,0.331,0.402,0.037,0,0.992
2018,Ladybeetle,MC2,Ripening,Detritivore,0.099,0.122,0.053,0.001,0.447
2018,Ladybeetle,MO1,Ripening,Rice herbivore,0.554,0.399,0.737,0.001,0.993
2018,Ladybeetle,MO1,Ripening,Tourist herbivore,0.35,0.417,0.033,0,0.993
2018,Ladybeetle,MO1,Ripening,Detritivore,0.096,0.123,0.047,0.001,0.438
2018,Ladybeetle,MO2,Tillering,Rice herbivore,0.306,0.298,0.207,0.001,0.915
2018,Ladybeetle,MO2,Tillering,Tourist herbivore,0.322,0.378,0.059,0,0.981
2018,Ladybeetle,MO2,Tillering,Detritivore,0.372,0.273,0.325,0.008,0.921
2018,Ladybeetle,MO2,Flowering,Rice herbivore,0.454,0.34,0.479,0.003,0.967
2018,Ladybeetle,MO2,Flowering,Tourist herbivore,0.333,0.379,0.073,0,0.976
2018,Ladybeetle,MO2,Flowering,Detritivore,0.213,0.193,0.153,0.006,0.704
2018,Ladybeetle,MO3,Tillering,Rice herbivore,0.297,0.29,0.2,0.001,0.914
2018,Ladybeetle,MO3,Tillering,Tourist herbivore,0.317,0.366,0.078,0,0.974
2018,Ladybeetle,MO3,Tillering,Detritivore,0.386,0.275,0.337,0.01,0.929
2018,Ladybeetle,MO3,Flowering,Rice herbivore,0.451,0.325,0.461,0.003,0.964
2018,Ladybeetle,MO3,Flowering,Tourist herbivore,0.324,0.362,0.1,0,0.968
2018,Ladybeetle,MO3,Flowering,Detritivore,0.224,0.195,0.172,0.007,0.699
2018,Ladybeetle,SC1,Tillering,Rice herbivore,0.279,0.237,0.243,0.001,0.826
2018,Ladybeetle,SC1,Tillering,Tourist herbivore,0.246,0.302,0.061,0,0.94
2018,Ladybeetle,SC1,Tillering,Detritivore,0.475,0.236,0.495,0.019,0.893
2018,Ladybeetle,SC1,Flowering,Rice herbivore,0.47,0.285,0.519,0.004,0.926
2018,Ladybeetle,SC1,Flowering,Tourist herbivore,0.261,0.3,0.086,0,0.915
2018,Ladybeetle,SC1,Flowering,Detritivore,0.269,0.163,0.254,0.016,0.623
2018,Ladybeetle,SC1,Ripening,Rice herbivore,0.55,0.364,0.713,0.002,0.977
2018,Ladybeetle,SC1,Ripening,Tourist herbivore,0.322,0.381,0.043,0,0.977
2018,Ladybeetle,SC1,Ripening,Detritivore,0.128,0.107,0.1,0.004,0.396
2018,Ladybeetle,SO1,Tillering,Rice herbivore,0.33,0.372,0.122,0.001,0.971
2018,Ladybeetle,SO1,Tillering,Tourist herbivore,0.327,0.412,0.032,0,0.985
2018,Ladybeetle,SO1,Tillering,Detritivore,0.343,0.349,0.143,0.006,0.959
2018,Ladybeetle,SO1,Ripening,Rice herbivore,0.51,0.41,0.588,0.001,0.997
2018,Ladybeetle,SO1,Ripening,Tourist herbivore,0.367,0.44,0.023,0,0.995
2018,Ladybeetle,SO1,Ripening,Detritivore,0.123,0.178,0.025,0.001,0.608
2019,Both,LC1,Tillering,Rice herbivore,0.458,0.09,0.456,0.278,0.641
2019,Both,LC1,Tillering,Tourist herbivore,0.326,0.097,0.321,0.132,0.523
2019,Both,LC1,Tillering,Detritivore,0.216,0.086,0.211,0.068,0.403
2019,Both,LC1,Flowering,Rice herbivore,0.884,0.059,0.893,0.748,0.968
2019,Both,LC1,Flowering,Tourist herbivore,0.093,0.057,0.083,0.014,0.228
2019,Both,LC1,Flowering,Detritivore,0.023,0.016,0.02,0.004,0.066
2019,Both,LC1,Ripening,Rice herbivore,0.928,0.039,0.937,0.835,0.98
2019,Both,LC1,Ripening,Tourist herbivore,0.048,0.034,0.039,0.008,0.132
2019,Both,LC1,Ripening,Detritivore,0.024,0.017,0.02,0.003,0.069
2019,Both,LC2,Tillering,Rice herbivore,0.286,0.109,0.284,0.086,0.501
2019,Both,LC2,Tillering,Tourist herbivore,0.14,0.098,0.119,0.016,0.389
2019,Both,LC2,Tillering,Detritivore,0.575,0.127,0.574,0.335,0.828
2019,Both,LC2,Flowering,Rice herbivore,0.83,0.095,0.852,0.596,0.955
2019,Both,LC2,Flowering,Tourist herbivore,0.066,0.066,0.045,0.004,0.255
2019,Both,LC2,Flowering,Detritivore,0.103,0.068,0.087,0.021,0.289
2019,Both,LC3,Tillering,Rice herbivore,0.258,0.08,0.252,0.114,0.424
2019,Both,LC3,Tillering,Tourist herbivore,0.103,0.067,0.09,0.012,0.258
2019,Both,LC3,Tillering,Detritivore,0.639,0.094,0.638,0.46,0.82
2019,Both,LC3,Flowering,Rice herbivore,0.834,0.07,0.845,0.669,0.941
2019,Both,LC3,Flowering,Tourist herbivore,0.05,0.045,0.037,0.004,0.174
2019,Both,LC3,Flowering,Detritivore,0.116,0.057,0.107,0.034,0.246
2019,Both,LC3,Ripening,Rice herbivore,0.859,0.062,0.869,0.719,0.959
2019,Both,LC3,Ripening,Tourist herbivore,0.024,0.022,0.018,0.002,0.082
2019,Both,LC3,Ripening,Detritivore,0.116,0.058,0.108,0.024,0.244
2019,Both,LO1,Tillering,Rice herbivore,0.574,0.135,0.583,0.27,0.81
2019,Both,LO1,Tillering,Tourist herbivore,0.181,0.113,0.163,0.019,0.448
2019,Both,LO1,Tillering,Detritivore,0.245,0.132,0.226,0.048,0.568
2019,Both,LO1,Flowering,Rice herbivore,0.93,0.052,0.943,0.792,0.987
2019,Both,LO1,Flowering,Tourist herbivore,0.046,0.045,0.032,0.003,0.165
2019,Both,LO1,Flowering,Detritivore,0.025,0.026,0.018,0.003,0.092
2019,Both,LO1,Ripening,Rice herbivore,0.952,0.037,0.962,0.854,0.992
2019,Both,LO1,Ripening,Tourist herbivore,0.023,0.023,0.015,0.002,0.085
2019,Both,LO1,Ripening,Detritivore,0.025,0.027,0.017,0.002,0.095
2019,Both,LO2,Tillering,Rice herbivore,0.221,0.097,0.216,0.05,0.425
2019,Both,LO2,Tillering,Tourist herbivore,0.134,0.09,0.116,0.015,0.347
2019,Both,LO2,Tillering,Detritivore,0.645,0.118,0.644,0.414,0.868
2019,Both,LO2,Flowering,Rice herbivore,0.779,0.123,0.806,0.456,0.94
2019,Both,LO2,Flowering,Tourist herbivore,0.078,0.079,0.054,0.005,0.289
2019,Both,LO2,Flowering,Detritivore,0.144,0.092,0.122,0.032,0.378
2019,Both,LO3,Tillering,Rice herbivore,0.557,0.273,0.501,0.155,0.948
2019,Both,LO3,Tillering,Tourist herbivore,0.06,0.067,0.045,0.006,0.182
2019,Both,LO3,Tillering,Detritivore,0.383,0.273,0.437,0.02,0.802
2019,Both,LO3,Flowering,Rice herbivore,0.932,0.062,0.949,0.786,0.996
2019,Both,LO3,Flowering,Tourist herbivore,0.018,0.027,0.01,0.001,0.075
2019,Both,LO3,Flowering,Detritivore,0.05,0.051,0.035,0.001,0.173
2019,Both,LO3,Ripening,Rice herbivore,0.945,0.05,0.96,0.823,0.997
2019,Both,LO3,Ripening,Tourist herbivore,0.009,0.011,0.005,0,0.036
2019,Both,LO3,Ripening,Detritivore,0.046,0.047,0.03,0.001,0.16
2019,Both,MC1,Tillering,Rice herbivore,0.457,0.149,0.457,0.176,0.764
2019,Both,MC1,Tillering,Tourist herbivore,0.194,0.136,0.165,0.021,0.522
2019,Both,MC1,Tillering,Detritivore,0.35,0.163,0.333,0.074,0.699
2019,Both,MC1,Flowering,Rice herbivore,0.899,0.062,0.914,0.75,0.979
2019,Both,MC1,Flowering,Tourist herbivore,0.058,0.054,0.041,0.003,0.195
2019,Both,MC1,Flowering,Detritivore,0.042,0.035,0.032,0.004,0.139
2019,Both,MC1,Ripening,Rice herbivore,0.927,0.049,0.939,0.803,0.987
2019,Both,MC1,Ripening,Tourist herbivore,0.03,0.032,0.02,0.002,0.12
2019,Both,MC1,Ripening,Detritivore,0.043,0.037,0.033,0.003,0.143
2019,Both,MC2,Tillering,Rice herbivore,0.392,0.117,0.382,0.19,0.65
2019,Both,MC2,Tillering,Tourist herbivore,0.13,0.101,0.104,0.013,0.392
2019,Both,MC2,Tillering,Detritivore,0.478,0.136,0.486,0.187,0.732
2019,Both,MC2,Flowering,Rice herbivore,0.9,0.043,0.906,0.799,0.968
2019,Both,MC2,Flowering,Tourist herbivore,0.039,0.032,0.031,0.004,0.125
2019,Both,MC2,Flowering,Detritivore,0.061,0.032,0.055,0.014,0.138
2019,Both,MC3,Tillering,Rice herbivore,0.302,0.105,0.297,0.114,0.515
2019,Both,MC3,Tillering,Tourist herbivore,0.441,0.122,0.437,0.204,0.688
2019,Both,MC3,Tillering,Detritivore,0.257,0.107,0.251,0.072,0.492
2019,Both,MC3,Flowering,Rice herbivore,0.783,0.112,0.803,0.516,0.945
2019,Both,MC3,Flowering,Tourist herbivore,0.177,0.109,0.158,0.026,0.448
2019,Both,MC3,Flowering,Detritivore,0.04,0.029,0.032,0.006,0.116
2019,Both,MC3,Ripening,Rice herbivore,0.863,0.069,0.875,0.702,0.964
2019,Both,MC3,Ripening,Tourist herbivore,0.094,0.061,0.081,0.015,0.248
2019,Both,MC3,Ripening,Detritivore,0.043,0.032,0.035,0.004,0.127
2019,Both,MO1,Tillering,Rice herbivore,0.097,0.068,0.079,0.022,0.287
2019,Both,MO1,Tillering,Tourist herbivore,0.14,0.111,0.115,0.01,0.402
2019,Both,MO1,Tillering,Detritivore,0.763,0.143,0.792,0.416,0.954
2019,Both,MO1,Flowering,Rice herbivore,0.587,0.132,0.588,0.323,0.844
2019,Both,MO1,Flowering,Tourist herbivore,0.119,0.093,0.095,0.01,0.347
2019,Both,MO1,Flowering,Detritivore,0.294,0.132,0.289,0.059,0.574
2019,Both,MO1,Ripening,Rice herbivore,0.627,0.131,0.613,0.392,0.915
2019,Both,MO1,Ripening,Tourist herbivore,0.061,0.052,0.048,0.005,0.192
2019,Both,MO1,Ripening,Detritivore,0.311,0.134,0.327,0.028,0.551
2019,Both,MO2,Tillering,Rice herbivore,0.054,0.035,0.048,0.008,0.142
2019,Both,MO2,Tillering,Tourist herbivore,0.403,0.39,0.341,0.003,0.954
2019,Both,MO2,Tillering,Detritivore,0.543,0.385,0.582,0.022,0.969
2019,Both,MO2,Flowering,Rice herbivore,0.41,0.208,0.449,0.056,0.764
2019,Both,MO2,Flowering,Tourist herbivore,0.335,0.349,0.101,0.005,0.917
2019,Both,MO2,Flowering,Detritivore,0.255,0.216,0.254,0.004,0.668
2019,Both,MO3,Tillering,Rice herbivore,0.008,0.007,0.006,0.001,0.028
2019,Both,MO3,Tillering,Tourist herbivore,0.817,0.161,0.875,0.459,0.991
2019,Both,MO3,Tillering,Detritivore,0.175,0.159,0.117,0.006,0.53
2019,Both,MO3,Flowering,Rice herbivore,0.068,0.044,0.058,0.011,0.173
2019,Both,MO3,Flowering,Tourist herbivore,0.868,0.076,0.879,0.692,0.977
2019,Both,MO3,Flowering,Detritivore,0.064,0.054,0.049,0.003,0.202
2019,Both,MO3,Ripening,Rice herbivore,0.116,0.055,0.109,0.03,0.244
2019,Both,MO3,Ripening,Tourist herbivore,0.785,0.081,0.79,0.611,0.926
2019,Both,MO3,Ripening,Detritivore,0.099,0.068,0.085,0.009,0.264
2019,Both,SC1,Tillering,Rice herbivore,0.225,0.084,0.22,0.079,0.406
2019,Both,SC1,Tillering,Tourist herbivore,0.163,0.095,0.153,0.017,0.375
2019,Both,SC1,Tillering,Detritivore,0.613,0.11,0.612,0.398,0.83
2019,Both,SC1,Flowering,Rice herbivore,0.788,0.096,0.804,0.567,0.926
2019,Both,SC1,Flowering,Tourist herbivore,0.086,0.073,0.067,0.007,0.269
2019,Both,SC1,Flowering,Detritivore,0.126,0.068,0.113,0.032,0.284
2019,Both,SC1,Ripening,Rice herbivore,0.825,0.09,0.842,0.613,0.952
2019,Both,SC1,Ripening,Tourist herbivore,0.045,0.043,0.032,0.004,0.158
2019,Both,SC1,Ripening,Detritivore,0.131,0.077,0.117,0.021,0.317
2019,Both,SO1,Tillering,Rice herbivore,0.186,0.091,0.169,0.057,0.401
2019,Both,SO1,Tillering,Tourist herbivore,0.135,0.108,0.108,0.011,0.408
2019,Both,SO1,Tillering,Detritivore,0.679,0.139,0.69,0.377,0.905
2019,Both,SO1,Flowering,Rice herbivore,0.752,0.107,0.761,0.521,0.924
2019,Both,SO1,Flowering,Tourist herbivore,0.079,0.073,0.058,0.006,0.27
2019,Both,SO1,Flowering,Detritivore,0.169,0.091,0.155,0.036,0.383
2019,Both,SO1,Ripening,Rice herbivore,0.785,0.104,0.794,0.561,0.948
2019,Both,SO1,Ripening,Tourist herbivore,0.041,0.044,0.028,0.003,0.148
2019,Both,SO1,Ripening,Detritivore,0.174,0.098,0.162,0.023,0.399
2019,Spider,LC1,Tillering,Rice herbivore,0.481,0.072,0.48,0.343,0.618
2019,Spider,LC1,Tillering,Tourist herbivore,0.318,0.071,0.315,0.185,0.466
2019,Spider,LC1,Tillering,Detritivore,0.201,0.071,0.197,0.071,0.349
2019,Spider,LC1,Flowering,Rice herbivore,0.919,0.032,0.924,0.842,0.965
2019,Spider,LC1,Flowering,Tourist herbivore,0.063,0.029,0.059,0.022,0.137
2019,Spider,LC1,Flowering,Detritivore,0.018,0.011,0.016,0.004,0.046
2019,Spider,LC1,Ripening,Rice herbivore,0.934,0.027,0.938,0.869,0.975
2019,Spider,LC1,Ripening,Tourist herbivore,0.039,0.021,0.035,0.01,0.092
2019,Spider,LC1,Ripening,Detritivore,0.027,0.017,0.024,0.005,0.067
2019,Spider,LC2,Tillering,Rice herbivore,0.362,0.101,0.367,0.141,0.546
2019,Spider,LC2,Tillering,Tourist herbivore,0.148,0.072,0.14,0.033,0.305
2019,Spider,LC2,Tillering,Detritivore,0.491,0.114,0.481,0.291,0.749
2019,Spider,LC2,Flowering,Rice herbivore,0.896,0.061,0.911,0.732,0.964
2019,Spider,LC2,Flowering,Tourist herbivore,0.04,0.028,0.034,0.007,0.112
2019,Spider,LC2,Flowering,Detritivore,0.064,0.048,0.052,0.017,0.205
2019,Spider,LC3,Tillering,Rice herbivore,0.268,0.069,0.266,0.142,0.407
2019,Spider,LC3,Tillering,Tourist herbivore,0.071,0.04,0.064,0.014,0.168
2019,Spider,LC3,Tillering,Detritivore,0.661,0.075,0.66,0.511,0.805
2019,Spider,LC3,Flowering,Rice herbivore,0.873,0.05,0.88,0.749,0.948
2019,Spider,LC3,Flowering,Tourist herbivore,0.025,0.018,0.02,0.004,0.071
2019,Spider,LC3,Flowering,Detritivore,0.103,0.046,0.095,0.036,0.216
2019,Spider,LC3,Ripening,Rice herbivore,0.844,0.062,0.851,0.703,0.945
2019,Spider,LC3,Ripening,Tourist herbivore,0.015,0.012,0.011,0.002,0.045
2019,Spider,LC3,Ripening,Detritivore,0.142,0.06,0.135,0.041,0.281
2019,Spider,LO1,Tillering,Rice herbivore,0.693,0.088,0.695,0.518,0.863
2019,Spider,LO1,Tillering,Tourist herbivore,0.134,0.072,0.125,0.024,0.297
2019,Spider,LO1,Tillering,Detritivore,0.172,0.085,0.163,0.039,0.356
2019,Spider,LO1,Flowering,Rice herbivore,0.969,0.016,0.972,0.929,0.991
2019,Spider,LO1,Flowering,Tourist herbivore,0.02,0.014,0.016,0.003,0.055
2019,Spider,LO1,Flowering,Detritivore,0.012,0.009,0.009,0.002,0.035
2019,Spider,LO1,Ripening,Rice herbivore,0.971,0.017,0.974,0.931,0.993
2019,Spider,LO1,Ripening,Tourist herbivore,0.012,0.01,0.01,0.001,0.038
2019,Spider,LO1,Ripening,Detritivore,0.017,0.014,0.013,0.002,0.052
2019,Spider,LO2,Tillering,Rice herbivore,0.232,0.084,0.23,0.082,0.403
2019,Spider,LO2,Tillering,Tourist herbivore,0.093,0.05,0.085,0.018,0.209
2019,Spider,LO2,Tillering,Detritivore,0.675,0.098,0.673,0.485,0.863
2019,Spider,LO2,Flowering,Rice herbivore,0.837,0.076,0.853,0.65,0.941
2019,Spider,LO2,Flowering,Tourist herbivore,0.037,0.026,0.031,0.006,0.102
2019,Spider,LO2,Flowering,Detritivore,0.126,0.069,0.109,0.036,0.304
2019,Spider,LO3,Tillering,Rice herbivore,0.483,0.084,0.484,0.32,0.643
2019,Spider,LO3,Tillering,Tourist herbivore,0.146,0.074,0.138,0.031,0.312
2019,Spider,LO3,Tillering,Detritivore,0.371,0.093,0.368,0.2,0.568
2019,Spider,LO3,Flowering,Rice herbivore,0.936,0.027,0.941,0.873,0.975
2019,Spider,LO3,Flowering,Tourist herbivore,0.03,0.02,0.025,0.005,0.083
2019,Spider,LO3,Flowering,Detritivore,0.034,0.019,0.03,0.01,0.081
2019,Spider,LO3,Ripening,Rice herbivore,0.932,0.031,0.937,0.86,0.977
2019,Spider,LO3,Ripening,Tourist herbivore,0.018,0.014,0.015,0.003,0.053
2019,Spider,LO3,Ripening,Detritivore,0.05,0.027,0.045,0.011,0.116
2019,Spider,MC1,Tillering,Rice herbivore,0.614,0.116,0.614,0.39,0.836
2019,Spider,MC1,Tillering,Tourist herbivore,0.12,0.077,0.105,0.02,0.309
2019,Spider,MC1,Tillering,Detritivore,0.266,0.12,0.259,0.057,0.515
2019,Spider,MC1,Flowering,Rice herbivore,0.96,0.022,0.964,0.906,0.99
2019,Spider,MC1,Flowering,Tourist herbivore,0.02,0.016,0.016,0.002,0.061
2019,Spider,MC1,Flowering,Detritivore,0.021,0.015,0.017,0.003,0.061
2019,Spider,MC1,Ripening,Rice herbivore,0.958,0.024,0.962,0.895,0.991
2019,Spider,MC1,Ripening,Tourist herbivore,0.012,0.01,0.009,0.001,0.039
2019,Spider,MC1,Ripening,Detritivore,0.03,0.022,0.025,0.003,0.087
2019,Spider,MC2,Tillering,Rice herbivore,0.308,0.089,0.302,0.147,0.492
2019,Spider,MC2,Tillering,Tourist herbivore,0.143,0.076,0.133,0.025,0.317
2019,Spider,MC2,Tillering,Detritivore,0.55,0.108,0.551,0.336,0.762
2019,Spider,MC2,Flowering,Rice herbivore,0.882,0.044,0.887,0.781,0.952
2019,Spider,MC2,Flowering,Tourist herbivore,0.043,0.028,0.037,0.007,0.108
2019,Spider,MC2,Flowering,Detritivore,0.076,0.034,0.071,0.023,0.158
2019,Spider,MC3,Tillering,Rice herbivore,0.318,0.085,0.318,0.151,0.484
2019,Spider,MC3,Tillering,Tourist herbivore,0.45,0.087,0.447,0.294,0.637
2019,Spider,MC3,Tillering,Detritivore,0.233,0.089,0.227,0.074,0.423
2019,Spider,MC3,Flowering,Rice herbivore,0.841,0.068,0.853,0.673,0.934
2019,Spider,MC3,Flowering,Tourist herbivore,0.128,0.061,0.116,0.045,0.278
2019,Spider,MC3,Flowering,Detritivore,0.031,0.022,0.025,0.006,0.088
2019,Spider,MC3,Ripening,Rice herbivore,0.872,0.058,0.882,0.731,0.953
2019,Spider,MC3,Ripening,Tourist herbivore,0.081,0.044,0.072,0.023,0.188
2019,Spider,MC3,Ripening,Detritivore,0.047,0.033,0.039,0.007,0.132
2019,Spider,MO1,Tillering,Rice herbivore,0.152,0.071,0.137,0.06,0.329
2019,Spider,MO1,Tillering,Tourist herbivore,0.142,0.084,0.132,0.019,0.328
2019,Spider,MO1,Tillering,Detritivore,0.706,0.125,0.72,0.411,0.897
2019,Spider,MO1,Flowering,Rice herbivore,0.751,0.081,0.757,0.584,0.902
2019,Spider,MO1,Flowering,Tourist herbivore,0.071,0.041,0.064,0.012,0.17
2019,Spider,MO1,Flowering,Detritivore,0.178,0.08,0.171,0.041,0.35
2019,Spider,MO1,Ripening,Rice herbivore,0.717,0.095,0.71,0.54,0.916
2019,Spider,MO1,Ripening,Tourist herbivore,0.041,0.026,0.035,0.007,0.106
2019,Spider,MO1,Ripening,Detritivore,0.242,0.099,0.247,0.04,0.428
2019,Spider,MO2,Tillering,Rice herbivore,0.113,0.05,0.106,0.04,0.234
2019,Spider,MO2,Tillering,Tourist herbivore,0.073,0.047,0.062,0.011,0.191
2019,Spider,MO2,Tillering,Detritivore,0.814,0.073,0.821,0.66,0.933
2019,Spider,MO2,Flowering,Rice herbivore,0.702,0.097,0.706,0.505,0.873
2019,Spider,MO2,Flowering,Tourist herbivore,0.047,0.033,0.039,0.007,0.125
2019,Spider,MO2,Flowering,Detritivore,0.251,0.095,0.242,0.091,0.455
2019,Spider,MO3,Tillering,Rice herbivore,0.004,0.003,0.003,0.001,0.012
2019,Spider,MO3,Tillering,Tourist herbivore,0.855,0.146,0.916,0.479,0.992
2019,Spider,MO3,Tillering,Detritivore,0.141,0.146,0.079,0.005,0.517
2019,Spider,MO3,Flowering,Rice herbivore,0.044,0.026,0.039,0.01,0.109
2019,Spider,MO3,Flowering,Tourist herbivore,0.898,0.061,0.912,0.752,0.979
2019,Spider,MO3,Flowering,Detritivore,0.058,0.053,0.04,0.003,0.196
2019,Spider,MO3,Ripening,Rice herbivore,0.067,0.035,0.061,0.017,0.15
2019,Spider,MO3,Ripening,Tourist herbivore,0.822,0.086,0.833,0.63,0.954
2019,Spider,MO3,Ripening,Detritivore,0.112,0.082,0.092,0.008,0.303
2019,Spider,SC1,Tillering,Rice herbivore,0.174,0.071,0.166,0.058,0.326
2019,Spider,SC1,Tillering,Tourist herbivore,0.147,0.068,0.143,0.031,0.295
2019,Spider,SC1,Tillering,Detritivore,0.679,0.095,0.679,0.495,0.861
2019,Spider,SC1,Flowering,Rice herbivore,0.771,0.096,0.786,0.55,0.913
2019,Spider,SC1,Flowering,Tourist herbivore,0.073,0.047,0.063,0.012,0.189
2019,Spider,SC1,Flowering,Detritivore,0.155,0.078,0.14,0.047,0.342
2019,Spider,SC1,Ripening,Rice herbivore,0.742,0.113,0.759,0.482,0.913
2019,Spider,SC1,Ripening,Tourist herbivore,0.044,0.033,0.035,0.007,0.129
2019,Spider,SC1,Ripening,Detritivore,0.214,0.106,0.198,0.055,0.461
2019,Spider,SO1,Tillering,Rice herbivore,0.191,0.085,0.18,0.06,0.389
2019,Spider,SO1,Tillering,Tourist herbivore,0.135,0.084,0.119,0.02,0.334
2019,Spider,SO1,Tillering,Detritivore,0.675,0.116,0.68,0.439,0.88
2019,Spider,SO1,Ripening,Rice herbivore,0.761,0.107,0.776,0.519,0.929
2019,Spider,SO1,Ripening,Tourist herbivore,0.037,0.031,0.028,0.004,0.12
2019,Spider,SO1,Ripening,Detritivore,0.202,0.102,0.185,0.048,0.437
2019,Ladybeetle,LC1,Tillering,Rice herbivore,0.427,0.342,0.464,0.001,0.951
2019,Ladybeetle,LC1,Tillering,Tourist herbivore,0.33,0.382,0.061,0,0.982
2019,Ladybeetle,LC1,Tillering,Detritivore,0.243,0.191,0.203,0.007,0.701
2019,Ladybeetle,LC1,Flowering,Rice herbivore,0.563,0.372,0.744,0.002,0.981
2019,Ladybeetle,LC1,Flowering,Tourist herbivore,0.326,0.381,0.058,0,0.976
2019,Ladybeetle,LC1,Flowering,Detritivore,0.111,0.106,0.079,0.006,0.405
2019,Ladybeetle,LC1,Ripening,Rice herbivore,0.594,0.426,0.885,0.001,0.994
2019,Ladybeetle,LC1,Ripening,Tourist herbivore,0.361,0.433,0.023,0,0.993
2019,Ladybeetle,LC1,Ripening,Detritivore,0.045,0.058,0.027,0.001,0.192
2019,Ladybeetle,LC2,Tillering,Rice herbivore,0.268,0.257,0.198,0.001,0.887
2019,Ladybeetle,LC2,Tillering,Tourist herbivore,0.288,0.356,0.048,0,0.977
2019,Ladybeetle,LC2,Tillering,Detritivore,0.444,0.269,0.472,0.008,0.906
2019,Ladybeetle,LC2,Flowering,Rice herbivore,0.444,0.314,0.482,0.003,0.945
2019,Ladybeetle,LC2,Flowering,Tourist herbivore,0.306,0.358,0.061,0,0.965
2019,Ladybeetle,LC2,Flowering,Detritivore,0.249,0.19,0.213,0.009,0.716
2019,Ladybeetle,LC3,Flowering,Rice herbivore,0.515,0.356,0.614,0.002,0.977
2019,Ladybeetle,LC3,Flowering,Tourist herbivore,0.324,0.374,0.066,0,0.973
2019,Ladybeetle,LC3,Flowering,Detritivore,0.161,0.145,0.118,0.006,0.529
2019,Ladybeetle,LC3,Ripening,Rice herbivore,0.567,0.415,0.811,0.001,0.993
2019,Ladybeetle,LC3,Ripening,Tourist herbivore,0.363,0.43,0.027,0,0.992
2019,Ladybeetle,LC3,Ripening,Detritivore,0.07,0.083,0.041,0.001,0.299
2019,Ladybeetle,LO1,Ripening,Rice herbivore,0.563,0.391,0.757,0.001,0.993
2019,Ladybeetle,LO1,Ripening,Tourist herbivore,0.346,0.409,0.038,0,0.99
2019,Ladybeetle,LO1,Ripening,Detritivore,0.091,0.094,0.059,0.001,0.334
2019,Ladybeetle,LO3,Tillering,Rice herbivore,0.486,0.434,0.448,0.001,0.985
2019,Ladybeetle,LO3,Tillering,Tourist herbivore,0.367,0.443,0.023,0,0.99
2019,Ladybeetle,LO3,Tillering,Detritivore,0.147,0.235,0.056,0.004,0.863
2019,Ladybeetle,LO3,Ripening,Rice herbivore,0.589,0.456,0.923,0.001,0.998
2019,Ladybeetle,LO3,Ripening,Tourist herbivore,0.382,0.462,0.01,0,0.997
2019,Ladybeetle,LO3,Ripening,Detritivore,0.029,0.069,0.008,0.001,0.215
2019,Ladybeetle,MC2,Flowering,Rice herbivore,0.57,0.41,0.826,0.002,0.988
2019,Ladybeetle,MC2,Flowering,Tourist herbivore,0.356,0.417,0.036,0,0.982
2019,Ladybeetle,MC2,Flowering,Detritivore,0.074,0.076,0.053,0.004,0.274
2019,Ladybeetle,MC3,Flowering,Rice herbivore,0.538,0.35,0.668,0.003,0.974
2019,Ladybeetle,MC3,Flowering,Tourist herbivore,0.33,0.371,0.088,0,0.976
2019,Ladybeetle,MC3,Flowering,Detritivore,0.132,0.107,0.106,0.006,0.397
2019,Ladybeetle,MC3,Ripening,Rice herbivore,0.585,0.409,0.833,0.001,0.992
2019,Ladybeetle,MC3,Ripening,Tourist herbivore,0.359,0.424,0.036,0,0.993
2019,Ladybeetle,MC3,Ripening,Detritivore,0.057,0.061,0.035,0.001,0.218
2019,Ladybeetle,MO1,Ripening,Rice herbivore,0.456,0.373,0.428,0.001,0.991
2019,Ladybeetle,MO1,Ripening,Tourist herbivore,0.338,0.408,0.04,0,0.992
2019,Ladybeetle,MO1,Ripening,Detritivore,0.206,0.234,0.091,0.002,0.765
2019,Ladybeetle,MO2,Tillering,Rice herbivore,0.415,0.409,0.157,0.001,0.972
2019,Ladybeetle,MO2,Tillering,Tourist herbivore,0.397,0.441,0.034,0,0.989
2019,Ladybeetle,MO2,Tillering,Detritivore,0.188,0.251,0.099,0.004,0.949
2019,Ladybeetle,MO2,Flowering,Rice herbivore,0.498,0.418,0.5,0.001,0.99
2019,Ladybeetle,MO2,Flowering,Tourist herbivore,0.39,0.437,0.041,0,0.988
2019,Ladybeetle,MO2,Flowering,Detritivore,0.111,0.182,0.041,0.003,0.72
2019,Ladybeetle,MO3,Tillering,Rice herbivore,0.304,0.266,0.264,0.001,0.854
2019,Ladybeetle,MO3,Tillering,Tourist herbivore,0.306,0.352,0.081,0,0.972
2019,Ladybeetle,MO3,Tillering,Detritivore,0.39,0.239,0.388,0.009,0.841
2019,Ladybeetle,MO3,Flowering,Rice herbivore,0.477,0.314,0.557,0.003,0.939
2019,Ladybeetle,MO3,Flowering,Tourist herbivore,0.318,0.349,0.106,0,0.963
2019,Ladybeetle,MO3,Flowering,Detritivore,0.205,0.144,0.185,0.009,0.537
2019,Ladybeetle,MO3,Ripening,Rice herbivore,0.546,0.395,0.765,0.001,0.982
2019,Ladybeetle,MO3,Ripening,Tourist herbivore,0.366,0.419,0.046,0,0.988
2019,Ladybeetle,MO3,Ripening,Detritivore,0.088,0.078,0.068,0.002,0.284
2019,Ladybeetle,SC1,Flowering,Rice herbivore,0.542,0.373,0.692,0.002,0.98
2019,Ladybeetle,SC1,Flowering,Tourist herbivore,0.327,0.385,0.053,0,0.978
2019,Ladybeetle,SC1,Flowering,Detritivore,0.131,0.139,0.088,0.006,0.527
2019,Ladybeetle,SO1,Flowering,Rice herbivore,0.482,0.328,0.546,0.003,0.964
2019,Ladybeetle,SO1,Flowering,Tourist herbivore,0.315,0.358,0.074,0,0.961
2019,Ladybeetle,SO1,Flowering,Detritivore,0.204,0.167,0.165,0.007,0.611
2019,Ladybeetle,SO1,Ripening,Rice herbivore,0.544,0.395,0.732,0.001,0.991
2019,Ladybeetle,SO1,Ripening,Tourist herbivore,0.357,0.42,0.034,0,0.991
2019,Ladybeetle,SO1,Ripening,Detritivore,0.099,0.114,0.056,0.002,0.413
