Farm,Stage,Family.ID,Count,Guild,Guild2,Date,Year,目,Order,科,Family,食性分類,水稻生長,種鑑定
LC1,Flowering,Chi,1,Neutral,Detritivores,20170526,2017,雙翅目,Diptera,搖蚊科,Chironomidae,中性物種,孕穗期,
LC1,Flowering,Fan,1,Neutral,Detritivores,20170526,2017,雙翅目,Diptera,廁蠅科,Fanniidae,中性物種,孕穗期,
LO1,Flowering,Chi,51,Neutral,Detritivores,20170526,2017,雙翅目,Diptera,搖蚊科,Chironomidae,中性物種,孕穗期,
LO1,Flowering,Cul,1,Neutral,Detritivores,20170526,2017,雙翅目,Diptera,蚊科,Culicidae,中性物種,孕穗期,
LO1,Flowering,Fan,1,Neutral,Detritivores,20170526,2017,雙翅目,Diptera,廁蠅科,Fanniidae,中性物種,孕穗期,
LO1,Flowering,TIP,1,Neutral,Detritivores,20170526,2017,雙翅目,Diptera,大蚊科,Tipulidae,中性物種,孕穗期,
MC1,Flowering,Ble,1,Neutral,Detritivores,20170526,2017,雙翅目,Diptera,網蚊科,Blephariceridae,中性物種,抽穗期,
MC1,Flowering,Chi,5,Neutral,Detritivores,20170526,2017,雙翅目,Diptera,搖蚊科,Chironomidae,中性物種,抽穗期,
MC1,Flowering,Cul,1,Neutral,Detritivores,20170526,2017,雙翅目,Diptera,蚊科,Culicidae,中性物種,抽穗期,
MC1,Flowering,Eph,1,Neutral,Detritivores,20170526,2017,雙翅目,Diptera,渚蠅科,Ephydridae,中性物種,抽穗期,
MC1,Flowering,Stp,1,Neutral,Detritivores,20170526,2017,雙翅目,Diptera,?毛蚋科,Scatopsidae,中性物種,抽穗期,
SC1,Flowering,Chi,1,Neutral,Detritivores,20170526,2017,雙翅目,Diptera,搖蚊科,Chironomidae,中性物種,孕穗期,
SC1,Flowering,Eph,1,Neutral,Detritivores,20170526,2017,雙翅目,Diptera,渚蠅科,Ephydridae,中性物種,孕穗期,
SO1,Flowering,Chi,12,Neutral,Detritivores,20170526,2017,雙翅目,Diptera,搖蚊科,Chironomidae,中性物種,孕穗期,
SO1,Flowering,Chl,2,Neutral,Detritivores,20170526,2017,雙翅目,Diptera,稈蠅科,Chloropidae,中性物種,孕穗期,
SO1,Flowering,Cul,1,Neutral,Detritivores,20170526,2017,雙翅目,Diptera,蚊科,Culicidae,中性物種,孕穗期,
SO1,Flowering,Fan,9,Neutral,Detritivores,20170526,2017,雙翅目,Diptera,廁蠅科,Fanniidae,中性物種,孕穗期,
SO1,Flowering,Pio,1,Neutral,Detritivores,20170526,2017,雙翅目,Diptera,酪蠅科,Piophilidae,中性物種,孕穗期,
MO1,Flowering,Chl,11,Neutral,Detritivores,20170626,2017,雙翅目,Diptera,桿蠅科,Chloropidae,中性物種,抽穗期,
MO1,Flowering,SCA,1,Neutral,Detritivores,20170626,2017,雙翅目,Diptera,黑翅蕈蚋科,Sciaridae,中性物種,抽穗期,
LC1,Ripening,Chl,1,Neutral,Detritivores,20170626,2017,雙翅目,Diptera,桿蠅科,Chloropidae,中性物種,乳熟期,
LO1,Ripening,Atm,1,Neutral,Detritivores,20170626,2017,雙翅目,Diptera,小花蠅科,Anthomyzidae,中性物種,乳熟期,
LO1,Ripening,Chi,1,Neutral,Detritivores,20170626,2017,雙翅目,Diptera,搖蚊科,Chironomidae,中性物種,乳熟期,
LO1,Ripening,Sph,1,Neutral,Detritivores,20170626,2017,雙翅目,Diptera,大附蠅科,Sphaeroceridae,中性物種,乳熟期,
SC1,Ripening,Chi,3,Neutral,Detritivores,20170626,2017,雙翅目,Diptera,搖蚊科,Chironomidae,中性物種,乳熟期,
SC1,Ripening,Chl,3,Neutral,Detritivores,20170626,2017,雙翅目,Diptera,稈蠅科,Chloropidae,中性物種,乳熟期,
SC1,Ripening,Stp,1,Neutral,Detritivores,20170626,2017,雙翅目,Diptera,?毛蚋科,Scatopsidae,中性物種,乳熟期,
LC1,Seedling,Chi,26,Neutral,Detritivores,20170318,2017,雙翅目,Diptera,搖蚊科,Chironomidae,中性物種,未插秧,
LC1,Seedling,Chl,2,Neutral,Detritivores,20170318,2017,雙翅目,Diptera,桿蠅科,Chloropidae,中性物種,未插秧,
LC1,Seedling,Ect,1,Neutral,Detritivores,20170318,2017,嚙蟲目,Psocoptera,外嚙蟲科,Ectopsocidae,中性物種,未插秧,
LO1,Seedling,Ble,4,Neutral,Detritivores,20170318,2017,雙翅目,Diptera,網蚊科,Blephariceridae,中性物種,未插秧,
LO1,Seedling,Chi,23,Neutral,Detritivores,20170318,2017,雙翅目,Diptera,搖蚊科,Chironomidae,中性物種,未插秧,
LO1,Seedling,Chl,1,Neutral,Detritivores,20170318,2017,雙翅目,Diptera,稈蠅科,Chloropidae,中性物種,未插秧,
LO1,Seedling,Pio,1,Neutral,Detritivores,20170318,2017,雙翅目,Diptera,酪蠅科,Piophilidae,中性物種,未插秧,
MC1,Seedling,Chi,1,Neutral,Detritivores,20170318,2017,雙翅目,Diptera,搖蚊科,Chironomidae,中性物種,未插秧,
MC1,Seedling,SCA,2,Neutral,Detritivores,20170318,2017,雙翅目,Diptera,黑翅蕈蚋科,Sciaridae,中性物種,未插秧,
MC1,Seedling,Sep,1,Neutral,Detritivores,20170318,2017,雙翅目,Diptera,鎧細蠅科,Sepsidae,中性物種,未插秧,
MC1,Seedling,Sph,1,Neutral,Detritivores,20170318,2017,雙翅目,Diptera,大附蠅科,Sphaeroceridae,中性物種,未插秧,
MC1,Seedling,Cam,4,Neutral,Detritivores,20170318,2017,雙翅目,Diptera,金果蠅科,Camillidae,中性物種,未插秧,
MO1,Seedling,Chl,1,Neutral,Detritivores,20170318,2017,雙翅目,Diptera,桿蠅科,Chloropidae,中性物種,未插秧,
MO1,Seedling,Sph,1,Neutral,Detritivores,20170318,2017,雙翅目,Diptera,大附蠅科,Sphaeroceridae,中性物種,未插秧,
MO1,Seedling,Tep,1,Neutral,Detritivores,20170318,2017,雙翅目,Diptera,果實蠅科,Tephritidae,中性物種,未插秧,
MO1,Seedling,Pio,1,Neutral,Detritivores,20170318,2017,雙翅目,Diptera,酪蠅科,Piophilidae,中性物種,未插秧,
SC1,Seedling,Chi,2,Neutral,Detritivores,20170318,2017,雙翅目,Diptera,搖蚊科,Chironomidae,中性物種,未插秧,
SO1,Seedling,Chi,2,Neutral,Detritivores,20170318,2017,雙翅目,Diptera,搖蚊科,Chironomidae,中性物種,未插秧,
LO1,Seedling,Chi,5,Neutral,Detritivores,20170331,2017,雙翅目,Diptera,搖蚊科,Chironomidae,中性物種,成活期,
MC1,Seedling,Chi,1,Neutral,Detritivores,20170331,2017,雙翅目,Diptera,搖蚊科,Chironomidae,中性物種,成活期,
MC1,Seedling,Eph,3,Neutral,Detritivores,20170331,2017,雙翅目,Diptera,渚蠅科,Ephydridae,中性物種,成活期,
SC1,Seedling,Chi,8,Neutral,Detritivores,20170407,2017,雙翅目,Diptera,搖蚊科,Chironomidae,中性物種,成活期,
SC1,Seedling,Eph,25,Neutral,Detritivores,20170407,2017,雙翅目,Diptera,渚蠅科,Ephydridae,中性物種,成活期,
SO1,Seedling,Eph,12,Neutral,Detritivores,20170407,2017,雙翅目,Diptera,渚蠅科,Ephydridae,中性物種,成活期,
SO1,Seedling,Pcd,3,Neutral,Detritivores,20170407,2017,雙翅目,Diptera,蛾蚋科,Psychodidae,中性物種,成活期,
LC1,Tillering,Ble,1,Neutral,Detritivores,20170417,2017,雙翅目,Diptera,網蚊科,Blephariceridae,中性物種,分?始期,
LC1,Tillering,Chi,12,Neutral,Detritivores,20170417,2017,雙翅目,Diptera,搖蚊科,Chironomidae,中性物種,分?始期,
LC1,Tillering,Fan,1,Neutral,Detritivores,20170417,2017,雙翅目,Diptera,廁蠅科,Fanniidae,中性物種,分?始期,
LO1,Tillering,Chi,466,Neutral,Detritivores,20170417,2017,雙翅目,Diptera,搖蚊科,Chironomidae,中性物種,分?始期,
LO1,Tillering,Chl,1,Neutral,Detritivores,20170417,2017,雙翅目,Diptera,稈蠅科,Chloropidae,中性物種,分?始期,
LO1,Tillering,Eph,5,Neutral,Detritivores,20170417,2017,雙翅目,Diptera,渚蠅科,Ephydridae,中性物種,分?始期,
MC1,Tillering,Chi,30,Neutral,Detritivores,20170417,2017,雙翅目,Diptera,搖蚊科,Chironomidae,中性物種,分?始期,
MC1,Tillering,Eph,33,Neutral,Detritivores,20170417,2017,雙翅目,Diptera,渚蠅科,Ephydridae,中性物種,分?始期,
MO1,Tillering,Tep,1,Neutral,Detritivores,20170417,2017,雙翅目,Diptera,果實蠅科,Tephritidae,中性物種,分?始期,
SC1,Tillering,Chi,216,Neutral,Detritivores,20170417,2017,雙翅目,Diptera,搖蚊科,Chironomidae,中性物種,分?始期,
SC1,Tillering,Eph,8,Neutral,Detritivores,20170417,2017,雙翅目,Diptera,渚蠅科,Ephydridae,中性物種,分?始期,
SO1,Tillering,Chi,218,Neutral,Detritivores,20170417,2017,雙翅目,Diptera,搖蚊科,Chironomidae,中性物種,分?始期,
SO1,Tillering,Eph,201,Neutral,Detritivores,20170417,2017,雙翅目,Diptera,渚蠅科,Ephydridae,中性物種,分?始期,
LC1,Tillering,Chi,6,Neutral,Detritivores,20170502,2017,雙翅目,Diptera,搖蚊科,Chironomidae,中性物種,分?盛期,
LC1,Tillering,Eph,3,Neutral,Detritivores,20170502,2017,雙翅目,Diptera,渚蠅科,Ephydridae,中性物種,分?盛期,
LC1,Tillering,Fan,5,Neutral,Detritivores,20170502,2017,雙翅目,Diptera,廁蠅科,Fanniidae,中性物種,分?盛期,
LO1,Tillering,Chi,4,Neutral,Detritivores,20170502,2017,雙翅目,Diptera,搖蚊科,Chironomidae,中性物種,分?盛期,
LO1,Tillering,Chl,1,Neutral,Detritivores,20170502,2017,雙翅目,Diptera,稈蠅科,Chloropidae,中性物種,分?盛期,
LO1,Tillering,Fan,2,Neutral,Detritivores,20170502,2017,雙翅目,Diptera,廁蠅科,Fanniidae,中性物種,分?盛期,
LO1,Tillering,Mus,1,Neutral,Detritivores,20170502,2017,雙翅目,Diptera,家蠅科,Muscidae,中性物種,分?盛期,
MC1,Tillering,Chi,11,Neutral,Detritivores,20170502,2017,雙翅目,Diptera,搖蚊科,Chironomidae,中性物種,分?盛期,
MC1,Tillering,Chl,1,Neutral,Detritivores,20170502,2017,雙翅目,Diptera,稈蠅科,Chloropidae,中性物種,分?盛期,
MC1,Tillering,Eph,3,Neutral,Detritivores,20170502,2017,雙翅目,Diptera,渚蠅科,Ephydridae,中性物種,分?盛期,
MC1,Tillering,Fan,4,Neutral,Detritivores,20170502,2017,雙翅目,Diptera,廁蠅科,Fanniidae,中性物種,分?盛期,
SC1,Tillering,Ath,2,Neutral,Detritivores,20170502,2017,雙翅目,Diptera,花蠅科,Anthomyiidae,中性物種,分?盛期,
SC1,Tillering,Chi,3,Neutral,Detritivores,20170502,2017,雙翅目,Diptera,搖蚊科,Chironomidae,中性物種,分?盛期,
SC1,Tillering,Eph,7,Neutral,Detritivores,20170502,2017,雙翅目,Diptera,渚蠅科,Ephydridae,中性物種,分?盛期,
SC1,Tillering,Fan,6,Neutral,Detritivores,20170502,2017,雙翅目,Diptera,廁蠅科,Fanniidae,中性物種,分?盛期,
SC1,Tillering,Ect,1,Neutral,Detritivores,20170502,2017,嚙蟲目,Psocoptera,外嚙蟲科,Ectopsocidae,中性物種,分?盛期,
SO1,Tillering,Chi,15,Neutral,Detritivores,20170502,2017,雙翅目,Diptera,搖蚊科,Chironomidae,中性物種,分?盛期,
SO1,Tillering,Fan,4,Neutral,Detritivores,20170502,2017,雙翅目,Diptera,廁蠅科,Fanniidae,中性物種,分?盛期,
SO1,Tillering,Mus,2,Neutral,Detritivores,20170502,2017,雙翅目,Diptera,家蠅科,Muscidae,中性物種,分?盛期,
LC1,Tillering,Chi,25,Neutral,Detritivores,20170512,2017,雙翅目,Diptera,搖蚊科,Chironomidae,中性物種,分?終期,
LC1,Tillering,Fan,1,Neutral,Detritivores,20170512,2017,雙翅目,Diptera,廁蠅科,Fanniidae,中性物種,分?終期,
LC1,Tillering,Pio,1,Neutral,Detritivores,20170512,2017,雙翅目,Diptera,酪蠅科,Piophilidae,中性物種,分?終期,
LO1,Tillering,Chi,32,Neutral,Detritivores,20170512,2017,雙翅目,Diptera,搖蚊科,Chironomidae,中性物種,分?終期,
LO1,Tillering,Chl,1,Neutral,Detritivores,20170512,2017,雙翅目,Diptera,稈蠅科,Chloropidae,中性物種,分?終期,
LO1,Tillering,Eph,1,Neutral,Detritivores,20170512,2017,雙翅目,Diptera,渚蠅科,Ephydridae,中性物種,分?終期,
LO1,Tillering,Fan,5,Neutral,Detritivores,20170512,2017,雙翅目,Diptera,廁蠅科,Fanniidae,中性物種,分?終期,
LO1,Tillering,Sct,1,Neutral,Detritivores,20170512,2017,雙翅目,Diptera,糞蠅科,Scathophagidae,中性物種,分?終期,
MC1,Flowering,Chi,30,Neutral,Detritivores,20170512,2017,雙翅目,Diptera,搖蚊科,Chironomidae,中性物種,幼穗形成,
MC1,Flowering,Chl,1,Neutral,Detritivores,20170512,2017,雙翅目,Diptera,稈蠅科,Chloropidae,中性物種,幼穗形成,
MC1,Flowering,Eph,2,Neutral,Detritivores,20170512,2017,雙翅目,Diptera,渚蠅科,Ephydridae,中性物種,幼穗形成,
MC1,Flowering,Fan,4,Neutral,Detritivores,20170512,2017,雙翅目,Diptera,廁蠅科,Fanniidae,中性物種,幼穗形成,
MC1,Flowering,Sct,1,Neutral,Detritivores,20170512,2017,雙翅目,Diptera,糞蠅科,Scathophagidae,中性物種,幼穗形成,
MO1,Tillering,Fan,3,Neutral,Detritivores,20170512,2017,雙翅目,Diptera,廁蠅科,Fanniidae,中性物種,分?終期,
MO1,Tillering,Mus,1,Neutral,Detritivores,20170512,2017,雙翅目,Diptera,家蠅科,Muscidae,中性物種,分?終期,
MO1,Tillering,Sep,1,Neutral,Detritivores,20170512,2017,雙翅目,Diptera,艷細蠅科,Sepsidae,中性物種,分?終期,
SC1,Tillering,Chi,1,Neutral,Detritivores,20170512,2017,雙翅目,Diptera,搖蚊科,Chironomidae,中性物種,分?終期,
SC1,Tillering,Fan,1,Neutral,Detritivores,20170512,2017,雙翅目,Diptera,廁蠅科,Fanniidae,中性物種,分?終期,
SC1,Tillering,Lau,1,Neutral,Detritivores,20170512,2017,雙翅目,Diptera,縞蠅科,Lauxaniidae,中性物種,分?終期,
SO1,Tillering,Cul,3,Neutral,Detritivores,20170512,2017,雙翅目,Diptera,蚊科,Culicidae,中性物種,分?終期,
SO1,Tillering,Eph,2,Neutral,Detritivores,20170512,2017,雙翅目,Diptera,渚蠅科,Ephydridae,中性物種,分?終期,
SO1,Tillering,Fan,11,Neutral,Detritivores,20170512,2017,雙翅目,Diptera,廁蠅科,Fanniidae,中性物種,分?終期,
SO1,Tillering,Pio,2,Neutral,Detritivores,20170512,2017,雙翅目,Diptera,酪蠅科,Piophilidae,中性物種,分?終期,
LC1,Flowering,Chl,2,Neutral,Detritivores,20170608,2017,雙翅目,Diptera,桿蠅科,Chloropidae,中性物種,孕穗末期,
LC1,Flowering,Cul,2,Neutral,Detritivores,20170608,2017,雙翅目,Diptera,蚊科,Culicidae,中性物種,孕穗末期,
LC1,Flowering,Eph,3,Neutral,Detritivores,20170608,2017,雙翅目,Diptera,渚蠅科,Ephydridae,中性物種,孕穗末期,
LC1,Flowering,Sph,1,Neutral,Detritivores,20170608,2017,雙翅目,Diptera,大附蠅科,Sphaeroceridae,中性物種,孕穗末期,
LC1,Flowering,Mct,1,Neutral,Detritivores,20170608,2017,雙翅目,Diptera,蕈蚋科,Mycetophilidae,中性物種,孕穗末期,
LO1,Flowering,Chi,3,Neutral,Detritivores,20170608,2017,雙翅目,Diptera,搖蚊科,Chironomidae,中性物種,孕穗末期,
LO1,Flowering,Sph,1,Neutral,Detritivores,20170608,2017,雙翅目,Diptera,大附蠅科,Sphaeroceridae,中性物種,孕穗末期,
LO1,Flowering,Mct,1,Neutral,Detritivores,20170608,2017,雙翅目,Diptera,蕈蚋科,Mycetophilidae,中性物種,孕穗末期,
MC1,Flowering,Chi,95,Neutral,Detritivores,20170608,2017,雙翅目,Diptera,搖蚊科,Chironomidae,中性物種,齊穗期,
MC1,Flowering,Chl,2,Neutral,Detritivores,20170608,2017,雙翅目,Diptera,稈蠅科,Chloropidae,中性物種,齊穗期,
MC1,Flowering,Cul,1,Neutral,Detritivores,20170608,2017,雙翅目,Diptera,蚊科,Culicidae,中性物種,齊穗期,
MC1,Flowering,Eph,23,Neutral,Detritivores,20170608,2017,雙翅目,Diptera,渚蠅科,Ephydridae,中性物種,齊穗期,
MC1,Flowering,Lau,1,Neutral,Detritivores,20170608,2017,雙翅目,Diptera,縞蠅科,Lauxaniidae,中性物種,齊穗期,
MC1,Flowering,SCA,1,Neutral,Detritivores,20170608,2017,雙翅目,Diptera,黑翅蕈蚋科,Sciaridae,中性物種,齊穗期,
MO1,Flowering,Atm,1,Neutral,Detritivores,20170608,2017,雙翅目,Diptera,小花蠅科,Anthomyzidae,中性物種,幼穗分化,
MO1,Flowering,Chl,6,Neutral,Detritivores,20170608,2017,雙翅目,Diptera,桿蠅科,Chloropidae,中性物種,幼穗分化,
MO1,Flowering,SCA,1,Neutral,Detritivores,20170608,2017,雙翅目,Diptera,黑翅蕈蚋科,Sciaridae,中性物種,幼穗分化,
SC1,Flowering,Chi,126,Neutral,Detritivores,20170608,2017,雙翅目,Diptera,搖蚊科,Chironomidae,中性物種,孕穗末期,
SC1,Flowering,Chl,8,Neutral,Detritivores,20170608,2017,雙翅目,Diptera,稈蠅科,Chloropidae,中性物種,孕穗末期,
SO1,Flowering,Chi,64,Neutral,Detritivores,20170608,2017,雙翅目,Diptera,搖蚊科,Chironomidae,中性物種,孕穗末期,
SO1,Flowering,Chl,1,Neutral,Detritivores,20170608,2017,雙翅目,Diptera,稈蠅科,Chloropidae,中性物種,孕穗末期,
SO1,Flowering,Eph,2,Neutral,Detritivores,20170608,2017,雙翅目,Diptera,渚蠅科,Ephydridae,中性物種,孕穗末期,
SO1,Flowering,SCA,1,Neutral,Detritivores,20170608,2017,雙翅目,Diptera,黑翅蕈蚋科,Sciaridae,中性物種,孕穗末期,
MC1,Ripening,Atm,2,Neutral,Detritivores,20170626,2017,雙翅目,Diptera,小花蠅科,Anthomyzidae,中性物種,黃熟期,
MC1,Ripening,Chi,65,Neutral,Detritivores,20170626,2017,雙翅目,Diptera,搖蚊科,Chironomidae,中性物種,黃熟期,
MC1,Ripening,Chl,3,Neutral,Detritivores,20170626,2017,雙翅目,Diptera,稈蠅科,Chloropidae,中性物種,黃熟期,
MC1,Ripening,Lau,1,Neutral,Detritivores,20170626,2017,雙翅目,Diptera,縞蠅科,Lauxaniidae,中性物種,黃熟期,
LC1,Flowering,Ich,1,Parasitoid,Parasitoid,20170526,2017,膜翅目,Hymenoptera,姬蜂科,Ichneumonidae,擬寄生者,孕穗期,
LO1,Flowering,BET,1,Parasitoid,Parasitoid,20170526,2017,膜翅目,Hymenoptera,蟻形蜂科,Bethylidae,擬寄生者,孕穗期,
LO1,Flowering,Bra,1,Parasitoid,Parasitoid,20170526,2017,膜翅目,Hymenoptera,小繭蜂科,Braconidae,擬寄生者,孕穗期,opius
LO1,Flowering,Ich,1,Parasitoid,Parasitoid,20170526,2017,膜翅目,Hymenoptera,姬蜂科,Ichneumonidae,擬寄生者,孕穗期,
LO1,Flowering,Myr,1,Parasitoid,Parasitoid,20170526,2017,膜翅目,Hymenoptera,纓小蜂科,Mymaridae,擬寄生者,孕穗期,葉蟬纓小蜂
MC1,Flowering,Bra,1,Parasitoid,Parasitoid,20170526,2017,膜翅目,Hymenoptera,小繭蜂科,Braconidae,擬寄生者,抽穗期,opius
MC1,Flowering,Eul,1,Parasitoid,Parasitoid,20170526,2017,膜翅目,Hymenoptera,釉小蜂科,Eulophidae,擬寄生者,抽穗期,螟卵齒小蜂
SC1,Flowering,Cha,1,Parasitoid,Parasitoid,20170526,2017,膜翅目,Hymenoptera,小蜂科,Chalcididae,擬寄生者,孕穗期,
MO1,Flowering,Sce,3,Parasitoid,Parasitoid,20170626,2017,膜翅目,Hymenoptera,緣腹細蜂科,Scelionidae,擬寄生者,抽穗期,粒卵蜂
MO1,Flowering,Trc,4,Parasitoid,Parasitoid,20170626,2017,膜翅目,Hymenoptera,赤眼蜂科,Trichogrammatidae,擬寄生者,抽穗期,
LC1,Ripening,Ich,2,Parasitoid,Parasitoid,20170626,2017,膜翅目,Hymenoptera,姬蜂科,Ichneumonidae,擬寄生者,乳熟期,
LO1,Ripening,Pte,1,Parasitoid,Parasitoid,20170626,2017,膜翅目,Hymenoptera,金小蜂科,Pteromalidae,擬寄生者,乳熟期,稻蝨食卵金小蜂
LO1,Seedling,Pho,1,Parasitoid,Parasitoid,20170318,2017,雙翅目,Diptera,蚤蠅科,Phoridae,擬寄生者,未插秧,
LO1,Seedling,Tac,2,Parasitoid,Parasitoid,20170318,2017,雙翅目,Diptera,寄生蠅科,Tachinidae,擬寄生者,未插秧,Argrophylax
SC1,Seedling,Tac,1,Parasitoid,Parasitoid,20170318,2017,雙翅目,Diptera,寄生蠅科,Tachinidae,擬寄生者,未插秧,Argrophylax
SO1,Seedling,Tac,1,Parasitoid,Parasitoid,20170318,2017,雙翅目,Diptera,寄生蠅科,Tachinidae,擬寄生者,未插秧,Argrophylax
LC1,Tillering,Eul,1,Parasitoid,Parasitoid,20170417,2017,膜翅目,Hymenoptera,釉小蜂科,Eulophidae,擬寄生者,分?始期,
LO1,Tillering,Cep,1,Parasitoid,Parasitoid,20170417,2017,膜翅目,Hymenoptera,蛛卵蜂科,Ceraphronidae,擬寄生者,分?始期,Aphanogmus
MC1,Tillering,Pho,1,Parasitoid,Parasitoid,20170417,2017,雙翅目,Diptera,蚤蠅科,Phoridae,擬寄生者,分?始期,
MO1,Tillering,Sce,1,Parasitoid,Parasitoid,20170417,2017,膜翅目,Hymenoptera,緣腹細蜂科,Scelionidae,擬寄生者,分?始期,粒卵蜂
LO1,Tillering,Tac,1,Parasitoid,Parasitoid,20170502,2017,雙翅目,Diptera,寄生蠅科,Tachinidae,擬寄生者,分?盛期,Argrophylax
MO1,Tillering,Tac,1,Parasitoid,Parasitoid,20170502,2017,雙翅目,Diptera,寄生蠅科,Tachinidae,擬寄生者,分?盛期,Argrophylax
SC1,Tillering,Ich,1,Parasitoid,Parasitoid,20170502,2017,膜翅目,Hymenoptera,姬蜂科,Ichneumonidae,擬寄生者,分?盛期,
LC1,Tillering,Cha,1,Parasitoid,Parasitoid,20170512,2017,膜翅目,Hymenoptera,小蜂科,Chalcididae,擬寄生者,分?終期,
LO1,Tillering,Eul,1,Parasitoid,Parasitoid,20170512,2017,膜翅目,Hymenoptera,釉小蜂科,Eulophidae,擬寄生者,分?終期,螟卵齒小蜂
MC1,Flowering,Eul,1,Parasitoid,Parasitoid,20170512,2017,膜翅目,Hymenoptera,釉小蜂科,Eulophidae,擬寄生者,幼穗形成,螟卵齒小蜂
MC1,Flowering,Pte,1,Parasitoid,Parasitoid,20170512,2017,膜翅目,Hymenoptera,金小蜂科,Pteromalidae,擬寄生者,幼穗形成,稻蝨食卵金小蜂
MO1,Tillering,Pho,2,Parasitoid,Parasitoid,20170512,2017,雙翅目,Diptera,蚤蠅科,Phoridae,擬寄生者,分?終期,
MO1,Tillering,Pte,1,Parasitoid,Parasitoid,20170512,2017,膜翅目,Hymenoptera,金小蜂科,Pteromalidae,擬寄生者,分?終期,稻蝨食卵金小蜂
SC1,Tillering,Pho,1,Parasitoid,Parasitoid,20170512,2017,雙翅目,Diptera,蚤蠅科,Phoridae,擬寄生者,分?終期,
SO1,Tillering,Pte,1,Parasitoid,Parasitoid,20170512,2017,膜翅目,Hymenoptera,金小蜂科,Pteromalidae,擬寄生者,分?終期,稻蝨食卵金小蜂
MO1,Flowering,Bra,1,Parasitoid,Parasitoid,20170526,2017,膜翅目,Hymenoptera,小繭蜂科,Braconidae,擬寄生者,幼穗分化,opius
MO1,Flowering,Pte,1,Parasitoid,Parasitoid,20170526,2017,膜翅目,Hymenoptera,金小蜂科,Pteromalidae,擬寄生者,幼穗分化,Trichomalopsis
MC1,Flowering,Ich,1,Parasitoid,Parasitoid,20170608,2017,膜翅目,Hymenoptera,姬蜂科,Ichneumonidae,擬寄生者,齊穗期,
MC1,Flowering,Sce,1,Parasitoid,Parasitoid,20170608,2017,膜翅目,Hymenoptera,緣腹細蜂科,Scelionidae,擬寄生者,齊穗期,粒卵蜂
MO1,Flowering,BET,1,Parasitoid,Parasitoid,20170608,2017,膜翅目,Hymenoptera,蟻形蜂科,Bethylidae,擬寄生者,幼穗分化,縱卷葉螟腫腿蜂
MO1,Flowering,Cep,1,Parasitoid,Parasitoid,20170608,2017,膜翅目,Hymenoptera,分盾細蜂科,Ceraphronidae,擬寄生者,幼穗分化,
MO1,Flowering,Eul,2,Parasitoid,Parasitoid,20170608,2017,膜翅目,Hymenoptera,釉小蜂科,Eulophidae,擬寄生者,幼穗分化,螟卵齒小蜂
MO1,Flowering,Myr,1,Parasitoid,Parasitoid,20170608,2017,膜翅目,Hymenoptera,纓小蜂科,Mymaridae,擬寄生者,幼穗分化,葉蟬纓小蜂
MO1,Flowering,Pte,1,Parasitoid,Parasitoid,20170608,2017,膜翅目,Hymenoptera,金小蜂科,Pteromalidae,擬寄生者,幼穗分化,稻蝨食卵金小蜂
MO1,Flowering,Sce,1,Parasitoid,Parasitoid,20170608,2017,膜翅目,Hymenoptera,緣腹細蜂科,Scelionidae,擬寄生者,幼穗分化,粒卵蜂
SC1,Flowering,Eup,1,Parasitoid,Parasitoid,20170608,2017,膜翅目,Hymenoptera,旋小蜂科,Eupelmidae,擬寄生者,孕穗末期,旋小蜂屬
SC1,Flowering,Myr,1,Parasitoid,Parasitoid,20170608,2017,膜翅目,Hymenoptera,纓小蜂科,Mymaridae,擬寄生者,孕穗末期,葉蟬纓小蜂
MC1,Ripening,Ich,1,Parasitoid,Parasitoid,20170626,2017,膜翅目,Hymenoptera,姬蜂科,Ichneumonidae,擬寄生者,黃熟期,
MC1,Ripening,Trc,4,Parasitoid,Parasitoid,20170626,2017,膜翅目,Hymenoptera,赤眼蜂科,Trichogrammatidae,擬寄生者,黃熟期,
LC1,Flowering,Cer,4,Predator,Predators,20170526,2017,雙翅目,Diptera,蠓科,Ceratopogonidae,掠食者,孕穗期,尼蠓
LO1,Flowering,Ara,1,Predator,Predators,20170526,2017,蜘蛛目,,金蛛科,Araneidae,掠食者,孕穗期,
LO1,Flowering,Ara,1,Predator,Predators,20170526,2017,蜘蛛目,,袋蛛科,Clubionidae ,掠食者,孕穗期,
LO1,Flowering,Ara,1,Predator,Predators,20170526,2017,蜘蛛目,,貓蛛科,Oxyopidae,掠食者,孕穗期,
LO1,Flowering,Ara,3,Predator,Predators,20170526,2017,蜘蛛目,,蟹蛛科,Thomisidae,掠食者,孕穗期,
LO1,Flowering,Cer,19,Predator,Predators,20170526,2017,雙翅目,Diptera,蠓科,Ceratopogonidae,掠食者,孕穗期,尼蠓
LO1,Flowering,For,1,Predator,Predators,20170526,2017,膜翅目,Hymenoptera,蟻科,Formicidae,掠食者,孕穗期,黑棘蟻
LO1,Flowering,Sta,1,Predator,Predators,20170526,2017,鞘翅目,Coleoptera,隱翅蟲科,Staphylinidae,掠食者,孕穗期,
MC1,Flowering,Cer,1,Predator,Predators,20170526,2017,雙翅目,Diptera,蠓科,Ceratopogonidae,掠食者,抽穗期,尼蠓
MC1,Flowering,Pip,1,Predator,Predators,20170526,2017,雙翅目,Diptera,頭蠅科,Pipunculidae,掠食者,抽穗期,葉蟬頭蠅
MC1,Flowering,Tet,2,Predator,Predators,20170526,2017,蜘蛛目,,長腳蛛科,Tetragnathidae,掠食者,抽穗期,華麗長腳蛛
SC1,Flowering,Cer,2,Predator,Predators,20170526,2017,雙翅目,Diptera,蠓科,Ceratopogonidae,掠食者,孕穗期,尼蠓
SO1,Flowering,Ara,1,Predator,Predators,20170526,2017,蜘蛛目,,金蛛科,Araneidae,掠食者,孕穗期,
SO1,Flowering,Cer,1,Predator,Predators,20170526,2017,雙翅目,Diptera,蠓科,Ceratopogonidae,掠食者,孕穗期,尼蠓
SO1,Flowering,Coe,1,Predator,Predators,20170526,2017,蜻蛉目,Odonata,細蟌科,Coenagrionidae,掠食者,孕穗期,青紋細蟌
SO1,Flowering,TIP,1,Predator,Predators,20170526,2017,雙翅目,Diptera,大蚊科,Tipulidae,掠食者,孕穗期,
MO1,Flowering,Cer,2,Predator,Predators,20170626,2017,雙翅目,Diptera,蠓科,Ceratopogonidae,掠食者,抽穗期,尼蠓屬
MO1,Flowering,Coc,1,Predator,Predators,20170626,2017,鞘翅目,Coleoptera,瓢蟲科,Coccinellidae,掠食者,抽穗期,橙瓢蟲
LC1,Ripening,Coc,1,Predator,Predators,20170626,2017,鞘翅目,Coleoptera,瓢蟲科,Coccinellidae,掠食者,乳熟期,橙瓢蟲
LO1,Ripening,Dol,2,Predator,Predators,20170626,2017,雙翅目,Diptera,長足虻科,Dolichopodidae,掠食者,乳熟期,Medetera
LO1,Ripening,Eph,2,Predator,Predators,20170626,2017,雙翅目,Diptera,渚蠅科,Ephydridae,掠食者,乳熟期,泥渚蠅
LO1,Ripening,For,1,Predator,Predators,20170626,2017,膜翅目,Hymenoptera,蟻科,Formicidae,掠食者,乳熟期,花居單家蟻
LO1,Ripening,Pip,1,Predator,Predators,20170626,2017,雙翅目,Diptera,頭蠅科,Pipunculidae,掠食者,乳熟期,葉蟬頭蠅
LC1,Seedling,Ara,3,Predator,Predators,20170318,2017,蜘蛛目,,皿網蛛科,Linyphiidae,掠食者,未插秧,
LC1,Seedling,Ara,2,Predator,Predators,20170318,2017,蜘蛛目,,金蛛科,Araneidae,掠食者,未插秧,
LC1,Seedling,Ara,2,Predator,Predators,20170318,2017,蜘蛛目,,姬蛛科,Theridiidae,掠食者,未插秧,
LO1,Seedling,Ara,3,Predator,Predators,20170318,2017,蜘蛛目,,金蛛科,Araneidae,掠食者,未插秧,
LO1,Seedling,Dol,4,Predator,Predators,20170318,2017,雙翅目,Diptera,長足虻科,Dolichopodidae,掠食者,未插秧,Medetera
LO1,Seedling,For,1,Predator,Predators,20170318,2017,膜翅目,Hymenoptera,蟻科,Formicidae,掠食者,未插秧,黑棘蟻
LO1,Seedling,Tet,1,Predator,Predators,20170318,2017,蜘蛛目,,長腳蛛科,Tetragnathidae,掠食者,未插秧,華麗長腳蛛
LO1,Seedling,Tet,2,Predator,Predators,20170318,2017,蜘蛛目,,長腳蛛科,Tetragnathidae,掠食者,未插秧,綠鱗長腳蛛
LO1,Seedling,Mat,1,Predator,Predators,20170318,2017,螳螂目,Mantodea,螳螂科,Mantidea,掠食者,未插秧,
MC1,Seedling,Ara,3,Predator,Predators,20170318,2017,蜘蛛目,,金蛛科,Araneidae,掠食者,未插秧,茶色姬鬼蛛
MC1,Seedling,Dol,1,Predator,Predators,20170318,2017,雙翅目,Diptera,長足虻科,Dolichopodidae,掠食者,未插秧,Medetera
MC1,Seedling,For,1,Predator,Predators,20170318,2017,膜翅目,Hymenoptera,蟻科,Formicidae,掠食者,未插秧,黑頭慌蟻
MO1,Seedling,Ara,2,Predator,Predators,20170318,2017,蜘蛛目,,皿網蛛科,Linyphiidae,掠食者,未插秧,
MO1,Seedling,Ara,1,Predator,Predators,20170318,2017,蜘蛛目,,狼蛛科,Lycosidae,掠食者,未插秧,
MO1,Seedling,Coc,1,Predator,Predators,20170318,2017,鞘翅目,Coleoptera,瓢蟲科,Coccinellidae,掠食者,未插秧,橙瓢蟲
MO1,Seedling,For,1,Predator,Predators,20170318,2017,膜翅目,Hymenoptera,蟻科,Formicidae,掠食者,未插秧,長腳捷山蟻
LC1,Seedling,Dol,1,Predator,Predators,20170331,2017,雙翅目,Diptera,長足虻科,Dolichopodidae,掠食者,成活期,Medetera
LO1,Seedling,Eph,1,Predator,Predators,20170331,2017,雙翅目,Diptera,渚蠅科,Ephydridae,掠食者,成活期,泥渚蠅
MC1,Seedling,Dol,1,Predator,Predators,20170331,2017,雙翅目,Diptera,長足虻科,Dolichopodidae,掠食者,成活期,Medetera
MO1,Seedling,Eph,2,Predator,Predators,20170331,2017,雙翅目,Diptera,渚蠅科,Ephydridae,掠食者,成活期,泥渚蠅
SO1,Seedling,Ara,1,Predator,Predators,20170407,2017,蜘蛛目,,皿網蛛科,Linyphiidae,掠食者,成活期,小鋸胸微蛛
SO1,Seedling,Cer,2,Predator,Predators,20170407,2017,雙翅目,Diptera,蠓科,Ceratopogonidae,掠食者,成活期,尼蠓
LC1,Tillering,Cer,1,Predator,Predators,20170417,2017,雙翅目,Diptera,蠓科,Ceratopogonidae,掠食者,分?始期,尼蠓
LC1,Tillering,Coc,2,Predator,Predators,20170417,2017,鞘翅目,Coleoptera,瓢蟲科,Coccinellidae,掠食者,分?始期,黃瓢蟲
LC1,Tillering,Eph,2,Predator,Predators,20170417,2017,雙翅目,Diptera,渚蠅科,Ephydridae,掠食者,分?始期,泥渚蠅
LO1,Tillering,Coc,3,Predator,Predators,20170417,2017,鞘翅目,Coleoptera,瓢蟲科,Coccinellidae,掠食者,分?始期,橙瓢蟲
LO1,Tillering,Coe,1,Predator,Predators,20170417,2017,蜻蛉目,Odonata,細蟌科,Coenagrionidae,掠食者,分?始期,青紋細蟌
MC1,Tillering,Cer,3,Predator,Predators,20170417,2017,雙翅目,Diptera,蠓科,Ceratopogonidae,掠食者,分?始期,尼蠓
MC1,Tillering,Coc,3,Predator,Predators,20170417,2017,鞘翅目,Coleoptera,瓢蟲科,Coccinellidae,掠食者,分?始期,橙瓢蟲
MC1,Tillering,Dol,1,Predator,Predators,20170417,2017,雙翅目,Diptera,長足虻科,Dolichopodidae,掠食者,分?始期,Medetera
MO1,Tillering,Ara,2,Predator,Predators,20170417,2017,蜘蛛目,,金蛛科,Araneidae,掠食者,分?始期,
MO1,Tillering,Cer,2,Predator,Predators,20170417,2017,雙翅目,Diptera,蠓科,Ceratopogonidae,掠食者,分?始期,尼蠓屬
MO1,Tillering,Eph,2,Predator,Predators,20170417,2017,雙翅目,Diptera,渚蠅科,Ephydridae,掠食者,分?始期,泥渚蠅
SC1,Tillering,Cer,7,Predator,Predators,20170417,2017,雙翅目,Diptera,蠓科,Ceratopogonidae,掠食者,分?始期,尼蠓
SC1,Tillering,Dol,1,Predator,Predators,20170417,2017,雙翅目,Diptera,長足虻科,Dolichopodidae,掠食者,分?始期,Medetera
LC1,Tillering,Ara,1,Predator,Predators,20170502,2017,蜘蛛目,,紅螯蛛科,Cheiracanthiidae,掠食者,分?盛期,
LC1,Tillering,Tet,2,Predator,Predators,20170502,2017,蜘蛛目,,長腳蛛科,Tetragnathidae,掠食者,分?盛期,方網長腳蛛
LC1,Tillering,Tet,2,Predator,Predators,20170502,2017,蜘蛛目,,長腳蛛科,Tetragnathidae,掠食者,分?盛期,華麗長腳蛛
LO1,Tillering,Ara,2,Predator,Predators,20170502,2017,蜘蛛目,,金蛛科,Araneidae,掠食者,分?盛期,
LO1,Tillering,Coc,1,Predator,Predators,20170502,2017,鞘翅目,Coleoptera,瓢蟲科,Coccinellidae,掠食者,分?盛期,橙瓢蟲
LO1,Tillering,Eph,2,Predator,Predators,20170502,2017,雙翅目,Diptera,渚蠅科,Ephydridae,掠食者,分?盛期,泥渚蠅
LO1,Tillering,Sci,3,Predator,Predators,20170502,2017,雙翅目,Diptera,沼蠅科,Sciomyzidae,掠食者,分?盛期,長角沼蠅
LO1,Tillering,Tet,1,Predator,Predators,20170502,2017,蜘蛛目,,長腳蛛科,Tetragnathidae,掠食者,分?盛期,華麗長腳蛛
LO1,Tillering,TIP,1,Predator,Predators,20170502,2017,雙翅目,Diptera,大蚊科,Tipulidae,掠食者,分?盛期,
MC1,Tillering,Ara,1,Predator,Predators,20170502,2017,蜘蛛目,,皿網蛛科,Linyphiidae,掠食者,分?盛期,
MC1,Tillering,Cer,3,Predator,Predators,20170502,2017,雙翅目,Diptera,蠓科,Ceratopogonidae,掠食者,分?盛期,尼蠓
MC1,Tillering,Dol,1,Predator,Predators,20170502,2017,雙翅目,Diptera,長足虻科,Dolichopodidae,掠食者,分?盛期,Medetera
MC1,Tillering,Sta,1,Predator,Predators,20170502,2017,鞘翅目,Coleoptera,隱翅蟲科,Staphylinidae,掠食者,分?盛期,紅胸隱翅蟲
MC1,Tillering,Tet,2,Predator,Predators,20170502,2017,蜘蛛目,,長腳蛛科,Tetragnathidae,掠食者,分?盛期,方網長腳蛛
MC1,Tillering,Tet,1,Predator,Predators,20170502,2017,蜘蛛目,,長腳蛛科,Tetragnathidae,掠食者,分?盛期,日本長腳蛛
MC1,Tillering,Tet,4,Predator,Predators,20170502,2017,蜘蛛目,,長腳蛛科,Tetragnathidae,掠食者,分?盛期,華麗長腳蛛
MO1,Tillering,Cer,3,Predator,Predators,20170502,2017,雙翅目,Diptera,蠓科,Ceratopogonidae,掠食者,分?盛期,尼蠓
MO1,Tillering,Tet,1,Predator,Predators,20170502,2017,蜘蛛目,,長腳蛛科,Tetragnathidae,掠食者,分?盛期,華麗長腳蛛
SC1,Tillering,Ara,1,Predator,Predators,20170502,2017,蜘蛛目,,金蛛科,Araneidae,掠食者,分?盛期,
SC1,Tillering,Dol,1,Predator,Predators,20170502,2017,雙翅目,Diptera,長足虻科,Dolichopodidae,掠食者,分?盛期,Medetera
SC1,Tillering,Tet,1,Predator,Predators,20170502,2017,蜘蛛目,,長腳蛛科,Tetragnathidae,掠食者,分?盛期,方網長腳蛛
SO1,Tillering,Ara,1,Predator,Predators,20170502,2017,蜘蛛目,,金蛛科,Araneidae,掠食者,分?盛期,
SO1,Tillering,Ara,2,Predator,Predators,20170502,2017,蜘蛛目,,紅螯蛛科,Cheiracanthiidae,掠食者,分?盛期,
SO1,Tillering,Cer,2,Predator,Predators,20170502,2017,雙翅目,Diptera,蠓科,Ceratopogonidae,掠食者,分?盛期,尼蠓
SO1,Tillering,Eph,1,Predator,Predators,20170502,2017,雙翅目,Diptera,渚蠅科,Ephydridae,掠食者,分?盛期,泥渚蠅
SO1,Tillering,Eph,1,Predator,Predators,20170502,2017,雙翅目,Diptera,渚蠅科,Ephydridae,掠食者,分?盛期,泥渚蠅
SO1,Tillering,Tet,2,Predator,Predators,20170502,2017,蜘蛛目,,長腳蛛科,Tetragnathidae,掠食者,分?盛期,華麗長腳蛛
LC1,Tillering,Tet,2,Predator,Predators,20170512,2017,蜘蛛目,,長腳蛛科,Tetragnathidae,掠食者,分?終期,方網長腳蛛
LC1,Tillering,Tet,3,Predator,Predators,20170512,2017,蜘蛛目,,長腳蛛科,Tetragnathidae,掠食者,分?終期,華麗長腳蛛
LC1,Tillering,Tet,2,Predator,Predators,20170512,2017,蜘蛛目,,長腳蛛科,Tetragnathidae,掠食者,分?終期,綠鱗長腳蛛
LO1,Tillering,Ara,4,Predator,Predators,20170512,2017,蜘蛛目,,金蛛科,Araneidae,掠食者,分?終期,
LO1,Tillering,Cer,12,Predator,Predators,20170512,2017,雙翅目,Diptera,蠓科,Ceratopogonidae,掠食者,分?終期,尼蠓
LO1,Tillering,Epm,1,Predator,Predators,20170512,2017,蜉蝣目,Ephemeroptera,,NA,掠食者,分?終期,
MC1,Flowering,Coc,1,Predator,Predators,20170512,2017,鞘翅目,Coleoptera,瓢蟲科,Coccinellidae,掠食者,幼穗形成,橙瓢蟲
MC1,Flowering,Tet,1,Predator,Predators,20170512,2017,蜘蛛目,,長腳蛛科,Tetragnathidae,掠食者,幼穗形成,方網長腳蛛
MC1,Flowering,Tet,1,Predator,Predators,20170512,2017,蜘蛛目,,長腳蛛科,Tetragnathidae,掠食者,幼穗形成,日本長腳蛛
MC1,Flowering,Tet,1,Predator,Predators,20170512,2017,蜘蛛目,,長腳蛛科,Tetragnathidae,掠食者,幼穗形成,華麗長腳蛛
MC1,Flowering,Tet,1,Predator,Predators,20170512,2017,蜘蛛目,,長腳蛛科,Tetragnathidae,掠食者,幼穗形成,
MO1,Tillering,Cer,1,Predator,Predators,20170512,2017,雙翅目,Diptera,蠓科,Ceratopogonidae,掠食者,分?終期,尼蠓
SC1,Tillering,Cer,3,Predator,Predators,20170512,2017,雙翅目,Diptera,蠓科,Ceratopogonidae,掠食者,分?終期,尼蠓
SC1,Tillering,Dol,2,Predator,Predators,20170512,2017,雙翅目,Diptera,長足虻科,Dolichopodidae,掠食者,分?終期,Medetera
SO1,Tillering,Ara,1,Predator,Predators,20170512,2017,蜘蛛目,,金蛛科,Araneidae,掠食者,分?終期,
SO1,Tillering,Ara,1,Predator,Predators,20170512,2017,蜘蛛目,,蟹蛛科,Thomisidae,掠食者,分?終期,
MO1,Flowering,Ara,1,Predator,Predators,20170526,2017,蜘蛛目,,金蛛科,Araneidae,掠食者,幼穗分化,
MO1,Flowering,Ara,1,Predator,Predators,20170526,2017,蜘蛛目,,袋蛛科,Clubionidae ,掠食者,幼穗分化,
MO1,Flowering,Sta,1,Predator,Predators,20170526,2017,鞘翅目,Coleoptera,隱翅蟲科,Staphylinidae,掠食者,幼穗分化,
LC1,Flowering,Ara,1,Predator,Predators,20170608,2017,蜘蛛目,,姬蛛科,Theridiidae,掠食者,孕穗末期,
LO1,Flowering,Ara,1,Predator,Predators,20170608,2017,蜘蛛目,,金蛛科,Araneidae,掠食者,孕穗末期,
LO1,Flowering,Coc,5,Predator,Predators,20170608,2017,鞘翅目,Coleoptera,瓢蟲科,Coccinellidae,掠食者,孕穗末期,橙瓢蟲
LO1,Flowering,Tet,3,Predator,Predators,20170608,2017,蜘蛛目,,長腳蛛科,Tetragnathidae,掠食者,孕穗末期,華麗長腳蛛
MC1,Flowering,Cer,5,Predator,Predators,20170608,2017,雙翅目,Diptera,蠓科,Ceratopogonidae,掠食者,齊穗期,尼蠓
MC1,Flowering,Coc,1,Predator,Predators,20170608,2017,鞘翅目,Coleoptera,瓢蟲科,Coccinellidae,掠食者,齊穗期,橙瓢蟲
MC1,Flowering,For,1,Predator,Predators,20170608,2017,膜翅目,Hymenoptera,蟻科,Formicidae,掠食者,齊穗期,大頭家蟻
MC1,Flowering,Tet,1,Predator,Predators,20170608,2017,蜘蛛目,,長腳蛛科,Tetragnathidae,掠食者,齊穗期,綠鱗長腳蛛
MO1,Flowering,Cer,9,Predator,Predators,20170608,2017,雙翅目,Diptera,蠓科,Ceratopogonidae,掠食者,幼穗分化,尼蠓屬
MO1,Flowering,Coc,1,Predator,Predators,20170608,2017,鞘翅目,Coleoptera,瓢蟲科,Coccinellidae,掠食者,幼穗分化,橙瓢蟲
MO1,Flowering,Dol,1,Predator,Predators,20170608,2017,雙翅目,Diptera,長足虻科,Dolichopodidae,掠食者,幼穗分化,Medetera
SC1,Flowering,Ara,1,Predator,Predators,20170608,2017,蜘蛛目,,金蛛科,Araneidae,掠食者,孕穗末期,
SC1,Flowering,Cer,2,Predator,Predators,20170608,2017,雙翅目,Diptera,蠓科,Ceratopogonidae,掠食者,孕穗末期,尼蠓
SC1,Flowering,Coc,1,Predator,Predators,20170608,2017,鞘翅目,Coleoptera,瓢蟲科,Coccinellidae,掠食者,孕穗末期,橙瓢蟲
SO1,Flowering,Cer,2,Predator,Predators,20170608,2017,雙翅目,Diptera,蠓科,Ceratopogonidae,掠食者,孕穗末期,尼蠓
SO1,Flowering,Coc,1,Predator,Predators,20170608,2017,鞘翅目,Coleoptera,瓢蟲科,Coccinellidae,掠食者,孕穗末期,橙瓢蟲
MC1,Ripening,Pip,2,Predator,Predators,20170626,2017,雙翅目,Diptera,頭蠅科,Pipunculidae,掠食者,黃熟期,葉蟬頭蠅
LC1,Flowering,Del,1,Rice.Herbivore,Rice.herb,20170526,2017,半翅目,Hemiptera,飛蝨科,Delphacidae,稻害者,孕穗期,白背飛蝨
LC1,Flowering,Del,3,Rice.Herbivore,Rice.herb,20170526,2017,半翅目,Hemiptera,飛蝨科,Delphacidae,稻害者,孕穗期,褐飛蝨
LC1,Flowering,Thr,9,Rice.Herbivore,Rice.herb,20170526,2017,纓翅目,Thysanoptera,薊馬科,Thripidae,稻害者,孕穗期,稻薊馬
LO1,Flowering,Acr,1,Rice.Herbivore,Rice.herb,20170526,2017,直翅目,Orthoptera,蝗科,Acrididae,稻害者,孕穗期,台灣稻蝗
LO1,Flowering,Cic,6,Rice.Herbivore,Rice.herb,20170526,2017,半翅目,Hemiptera,葉蟬科,Cicadellidae,稻害者,孕穗期,偽黑尾葉蟬
LO1,Flowering,Del,8,Rice.Herbivore,Rice.herb,20170526,2017,半翅目,Hemiptera,飛蝨科,Delphacidae,稻害者,孕穗期,斑飛蝨
LO1,Flowering,Del,4,Rice.Herbivore,Rice.herb,20170526,2017,半翅目,Hemiptera,飛蝨科,Delphacidae,稻害者,孕穗期,褐飛蝨
LO1,Flowering,Pyl,4,Rice.Herbivore,Rice.herb,20170526,2017,鱗翅目,Lepidoptera,螟蛾科,Pyralidae,稻害者,孕穗期,二化螟
LO1,Flowering,Pyl,1,Rice.Herbivore,Rice.herb,20170526,2017,鱗翅目,Lepidoptera,螟蛾科,Pyralidae,稻害者,孕穗期,瘤野螟
LO1,Flowering,Thr,7,Rice.Herbivore,Rice.herb,20170526,2017,纓翅目,Thysanoptera,薊馬科,Thripidae,稻害者,孕穗期,稻薊馬
MC1,Flowering,Acr,2,Rice.Herbivore,Rice.herb,20170526,2017,直翅目,Orthoptera,蝗科,Acrididae,稻害者,抽穗期,台灣稻蝗
MC1,Flowering,Aly,4,Rice.Herbivore,Rice.herb,20170526,2017,半翅目,Hemiptera,蛛緣椿科,Alydidae,稻害者,抽穗期,台灣蜘蛛緣椿象
MC1,Flowering,Cic,4,Rice.Herbivore,Rice.herb,20170526,2017,半翅目,Hemiptera,葉蟬科,Cicadellidae,稻害者,抽穗期,偽黑尾葉蟬
MC1,Flowering,Del,1,Rice.Herbivore,Rice.herb,20170526,2017,半翅目,Hemiptera,飛蝨科,Delphacidae,稻害者,抽穗期,斑飛蝨
MC1,Flowering,Del,3,Rice.Herbivore,Rice.herb,20170526,2017,半翅目,Hemiptera,飛蝨科,Delphacidae,稻害者,抽穗期,褐飛蝨
SC1,Flowering,Del,3,Rice.Herbivore,Rice.herb,20170526,2017,半翅目,Hemiptera,飛蝨科,Delphacidae,稻害者,孕穗期,班飛蝨
SC1,Flowering,Thr,1,Rice.Herbivore,Rice.herb,20170526,2017,纓翅目,Thysanoptera,薊馬科,Thripidae,稻害者,孕穗期,稻薊馬
SO1,Flowering,Del,5,Rice.Herbivore,Rice.herb,20170526,2017,半翅目,Hemiptera,飛蝨科,Delphacidae,稻害者,孕穗期,班飛蝨
SO1,Flowering,Del,2,Rice.Herbivore,Rice.herb,20170526,2017,半翅目,Hemiptera,飛蝨科,Delphacidae,稻害者,孕穗期,褐飛蝨
MO1,Flowering,Aly,1,Rice.Herbivore,Rice.herb,20170626,2017,半翅目,Hemiptera,蛛緣椿科,Alydidae,稻害者,抽穗期,台灣蜘蛛緣椿象
MO1,Flowering,Del,2,Rice.Herbivore,Rice.herb,20170626,2017,半翅目,Hemiptera,飛蝨科,Delphacidae,稻害者,抽穗期,斑飛蝨
MO1,Flowering,Pen,1,Rice.Herbivore,Rice.herb,20170626,2017,半翅目,Hemiptera,椿象科,Pentatomidae,稻害者,抽穗期,稻赤曼椿象
LC1,Ripening,Cic,60,Rice.Herbivore,Rice.herb,20170626,2017,半翅目,Hemiptera,葉蟬科,Cicadellidae,稻害者,乳熟期,偽黑尾葉蟬
LC1,Ripening,Del,10,Rice.Herbivore,Rice.herb,20170626,2017,半翅目,Hemiptera,飛蝨科,Delphacidae,稻害者,乳熟期,褐飛蝨
LO1,Ripening,Cic,18,Rice.Herbivore,Rice.herb,20170626,2017,半翅目,Hemiptera,葉蟬科,Cicadellidae,稻害者,乳熟期,偽黑尾葉蟬
LO1,Ripening,Del,3,Rice.Herbivore,Rice.herb,20170626,2017,半翅目,Hemiptera,飛蝨科,Delphacidae,稻害者,乳熟期,斑飛蝨
LO1,Ripening,Del,7,Rice.Herbivore,Rice.herb,20170626,2017,半翅目,Hemiptera,飛蝨科,Delphacidae,稻害者,乳熟期,褐飛蝨
LO1,Ripening,Pen,1,Rice.Herbivore,Rice.herb,20170626,2017,半翅目,Hemiptera,椿象科,Pentatomidae,稻害者,乳熟期,稻赤曼椿象
SC1,Ripening,Del,1,Rice.Herbivore,Rice.herb,20170626,2017,半翅目,Hemiptera,飛蝨科,Delphacidae,稻害者,乳熟期,班飛蝨
SC1,Ripening,Del,3,Rice.Herbivore,Rice.herb,20170626,2017,半翅目,Hemiptera,飛蝨科,Delphacidae,稻害者,乳熟期,褐飛蝨
LO1,Seedling,Cic,1,Rice.Herbivore,Rice.herb,20170318,2017,半翅目,Hemiptera,葉蟬科,Cicadellidae,稻害者,未插秧,偽黑尾葉蟬
LO1,Seedling,Del,2,Rice.Herbivore,Rice.herb,20170318,2017,半翅目,Hemiptera,飛蝨科,Delphacidae,稻害者,未插秧,褐飛蝨
LO1,Seedling,Apd,4,Rice.Herbivore,Rice.herb,20170318,2017,半翅目,Hemiptera,蚜科,Apididae,稻害者,未插秧,
MC1,Seedling,Apd,1,Rice.Herbivore,Rice.herb,20170318,2017,半翅目,Hemiptera,蚜科,Apididae,稻害者,未插秧,
MO1,Seedling,Mir,1,Rice.Herbivore,Rice.herb,20170318,2017,半翅目,Hemiptera,盲椿科,Miridae,稻害者,未插秧,
SC1,Seedling,Acr,3,Rice.Herbivore,Rice.herb,20170318,2017,直翅目,Orthoptera,蝗科,Acrididae,稻害者,未插秧,小稻蝗
LO1,Seedling,Del,1,Rice.Herbivore,Rice.herb,20170331,2017,半翅目,Hemiptera,飛蝨科,Delphacidae,稻害者,成活期,褐飛蝨
SO1,Seedling,Pyl,1,Rice.Herbivore,Rice.herb,20170407,2017,鱗翅目,Lepidoptera,螟蛾科,Pyralidae,稻害者,成活期,二化螟
LC1,Tillering,Acr,1,Rice.Herbivore,Rice.herb,20170417,2017,直翅目,Orthoptera,蝗科,Acrididae,稻害者,分?始期,小稻蝗
LC1,Tillering,Cur,5,Rice.Herbivore,Rice.herb,20170417,2017,鞘翅目,Coleoptera,象鼻蟲科,Curculionidae,稻害者,分?始期,水稻水象鼻蟲
LC1,Tillering,Del,3,Rice.Herbivore,Rice.herb,20170417,2017,半翅目,Hemiptera,飛蝨科,Delphacidae,稻害者,分?始期,褐飛蝨
LC1,Tillering,Nym,1,Rice.Herbivore,Rice.herb,20170417,2017,鱗翅目,Lepidoptera,蛺蝶科,Nymphalidae,稻害者,分?始期,淡色樹蔭蝶
LO1,Tillering,Cur,5,Rice.Herbivore,Rice.herb,20170417,2017,鞘翅目,Coleoptera,象鼻蟲科,Curculionidae,稻害者,分?始期,水稻水象鼻蟲
LO1,Tillering,Del,1,Rice.Herbivore,Rice.herb,20170417,2017,半翅目,Hemiptera,飛蝨科,Delphacidae,稻害者,分?始期,褐飛蝨
SO1,Tillering,Apd,1,Rice.Herbivore,Rice.herb,20170417,2017,半翅目,Hemiptera,蚜科,Apididae,稻害者,分?始期,
LO1,Tillering,Pen,1,Rice.Herbivore,Rice.herb,20170502,2017,半翅目,Hemiptera,椿象科,Pentatomidae,稻害者,分?盛期,稻赤曼椿象
LO1,Tillering,Thr,1,Rice.Herbivore,Rice.herb,20170502,2017,纓翅目,Thysanoptera,薊馬科,Thripidae,稻害者,分?盛期,稻薊馬
MC1,Tillering,Cic,1,Rice.Herbivore,Rice.herb,20170502,2017,半翅目,Hemiptera,葉蟬科,Cicadellidae,稻害者,分?盛期,偽黑尾葉蟬
MO1,Tillering,Aly,1,Rice.Herbivore,Rice.herb,20170502,2017,半翅目,Hemiptera,蛛緣椿科,Alydidae,稻害者,分?盛期,台灣蜘蛛緣椿象
MO1,Tillering,Cur,2,Rice.Herbivore,Rice.herb,20170502,2017,鞘翅目,Coleoptera,象鼻蟲科,Curculionidae,稻害者,分?盛期,台灣三月始灰象
MO1,Tillering,Del,1,Rice.Herbivore,Rice.herb,20170502,2017,半翅目,Hemiptera,飛蝨科,Delphacidae,稻害者,分?盛期,褐飛蝨
MO1,Tillering,Thr,2,Rice.Herbivore,Rice.herb,20170502,2017,纓翅目,Thysanoptera,薊馬科,Thripidae,稻害者,分?盛期,稻薊馬
SC1,Tillering,Pyl,1,Rice.Herbivore,Rice.herb,20170502,2017,鱗翅目,Lepidoptera,螟蛾科,Pyralidae,稻害者,分?盛期,二化螟
SC1,Tillering,Thr,16,Rice.Herbivore,Rice.herb,20170502,2017,纓翅目,Thysanoptera,薊馬科,Thripidae,稻害者,分?盛期,稻薊馬
SO1,Tillering,Thr,1,Rice.Herbivore,Rice.herb,20170502,2017,纓翅目,Thysanoptera,薊馬科,Thripidae,稻害者,分?盛期,稻薊馬
LC1,Tillering,Del,3,Rice.Herbivore,Rice.herb,20170512,2017,半翅目,Hemiptera,飛蝨科,Delphacidae,稻害者,分?終期,褐飛蝨
LO1,Tillering,Del,6,Rice.Herbivore,Rice.herb,20170512,2017,半翅目,Hemiptera,飛蝨科,Delphacidae,稻害者,分?終期,斑飛蝨
LO1,Tillering,Del,15,Rice.Herbivore,Rice.herb,20170512,2017,半翅目,Hemiptera,飛蝨科,Delphacidae,稻害者,分?終期,褐飛蝨
MC1,Flowering,Aly,1,Rice.Herbivore,Rice.herb,20170512,2017,半翅目,Hemiptera,蛛緣椿科,Alydidae,稻害者,幼穗形成,台灣蜘蛛緣椿象
MC1,Flowering,Del,7,Rice.Herbivore,Rice.herb,20170512,2017,半翅目,Hemiptera,飛蝨科,Delphacidae,稻害者,幼穗形成,斑飛蝨
MC1,Flowering,Del,3,Rice.Herbivore,Rice.herb,20170512,2017,半翅目,Hemiptera,飛蝨科,Delphacidae,稻害者,幼穗形成,褐飛蝨
MC1,Flowering,Pen,1,Rice.Herbivore,Rice.herb,20170512,2017,半翅目,Hemiptera,椿象科,Pentatomidae,稻害者,幼穗形成,南方綠椿象
MO1,Tillering,Acr,1,Rice.Herbivore,Rice.herb,20170512,2017,直翅目,Orthoptera,蝗科,Acrididae,稻害者,分?終期,小稻蝗
MO1,Tillering,Cic,3,Rice.Herbivore,Rice.herb,20170512,2017,半翅目,Hemiptera,葉蟬科,Cicadellidae,稻害者,分?終期,黑條黑尾葉蟬
MO1,Tillering,Del,1,Rice.Herbivore,Rice.herb,20170512,2017,半翅目,Hemiptera,飛蝨科,Delphacidae,稻害者,分?終期,白背飛蝨
MO1,Tillering,Del,1,Rice.Herbivore,Rice.herb,20170512,2017,半翅目,Hemiptera,飛蝨科,Delphacidae,稻害者,分?終期,褐飛蝨
SC1,Tillering,Del,4,Rice.Herbivore,Rice.herb,20170512,2017,半翅目,Hemiptera,飛蝨科,Delphacidae,稻害者,分?終期,班飛蝨
SO1,Tillering,Del,1,Rice.Herbivore,Rice.herb,20170512,2017,半翅目,Hemiptera,飛蝨科,Delphacidae,稻害者,分?終期,白背飛蝨
SO1,Tillering,Del,8,Rice.Herbivore,Rice.herb,20170512,2017,半翅目,Hemiptera,飛蝨科,Delphacidae,稻害者,分?終期,班飛蝨
SO1,Tillering,Del,1,Rice.Herbivore,Rice.herb,20170512,2017,半翅目,Hemiptera,飛蝨科,Delphacidae,稻害者,分?終期,褐飛蝨
MO1,Flowering,Acr,1,Rice.Herbivore,Rice.herb,20170526,2017,直翅目,Orthoptera,蝗科,Acrididae,稻害者,幼穗分化,台灣稻蝗
MO1,Flowering,Cur,1,Rice.Herbivore,Rice.herb,20170526,2017,鞘翅目,Coleoptera,象鼻蟲科,Curculionidae,稻害者,幼穗分化,台灣三月始灰象
MO1,Flowering,Del,1,Rice.Herbivore,Rice.herb,20170526,2017,半翅目,Hemiptera,飛蝨科,Delphacidae,稻害者,幼穗分化,斑飛蝨
LC1,Flowering,Cic,4,Rice.Herbivore,Rice.herb,20170608,2017,半翅目,Hemiptera,葉蟬科,Cicadellidae,稻害者,孕穗末期,偽黑尾葉蟬
LC1,Flowering,Del,26,Rice.Herbivore,Rice.herb,20170608,2017,半翅目,Hemiptera,飛蝨科,Delphacidae,稻害者,孕穗末期,班飛蝨
LC1,Flowering,Del,40,Rice.Herbivore,Rice.herb,20170608,2017,半翅目,Hemiptera,飛蝨科,Delphacidae,稻害者,孕穗末期,褐飛蝨
LO1,Flowering,Cic,1,Rice.Herbivore,Rice.herb,20170608,2017,半翅目,Hemiptera,葉蟬科,Cicadellidae,稻害者,孕穗末期,偽黑尾葉蟬
LO1,Flowering,Del,10,Rice.Herbivore,Rice.herb,20170608,2017,半翅目,Hemiptera,飛蝨科,Delphacidae,稻害者,孕穗末期,斑飛蝨
LO1,Flowering,Del,38,Rice.Herbivore,Rice.herb,20170608,2017,半翅目,Hemiptera,飛蝨科,Delphacidae,稻害者,孕穗末期,褐飛蝨
LO1,Flowering,Pyl,1,Rice.Herbivore,Rice.herb,20170608,2017,鱗翅目,Lepidoptera,螟蛾科,Pyralidae,稻害者,孕穗末期,二化螟
MC1,Flowering,Aly,2,Rice.Herbivore,Rice.herb,20170608,2017,半翅目,Hemiptera,蛛緣椿科,Alydidae,稻害者,齊穗期,台灣蜘蛛緣椿象
MC1,Flowering,Cic,5,Rice.Herbivore,Rice.herb,20170608,2017,半翅目,Hemiptera,葉蟬科,Cicadellidae,稻害者,齊穗期,偽黑尾葉蟬
MC1,Flowering,Del,12,Rice.Herbivore,Rice.herb,20170608,2017,半翅目,Hemiptera,飛蝨科,Delphacidae,稻害者,齊穗期,斑飛蝨
MC1,Flowering,Del,26,Rice.Herbivore,Rice.herb,20170608,2017,半翅目,Hemiptera,飛蝨科,Delphacidae,稻害者,齊穗期,褐飛蝨
MC1,Flowering,Pyl,1,Rice.Herbivore,Rice.herb,20170608,2017,鱗翅目,Lepidoptera,螟蛾科,Pyralidae,稻害者,齊穗期,二化螟
MC1,Flowering,Thr,1,Rice.Herbivore,Rice.herb,20170608,2017,纓翅目,Thysanoptera,薊馬科,Thripidae,稻害者,齊穗期,稻薊馬
MO1,Flowering,Acr,2,Rice.Herbivore,Rice.herb,20170608,2017,直翅目,Orthoptera,蝗科,Acrididae,稻害者,幼穗分化,台灣稻蝗
MO1,Flowering,Del,2,Rice.Herbivore,Rice.herb,20170608,2017,半翅目,Hemiptera,飛蝨科,Delphacidae,稻害者,幼穗分化,斑飛蝨
MO1,Flowering,Del,1,Rice.Herbivore,Rice.herb,20170608,2017,半翅目,Hemiptera,飛蝨科,Delphacidae,稻害者,幼穗分化,褐飛蝨
MO1,Flowering,Pyl,1,Rice.Herbivore,Rice.herb,20170608,2017,鱗翅目,Lepidoptera,螟蛾科,Pyralidae,稻害者,幼穗分化,瘤野螟(縱捲葉螟)
SC1,Flowering,Del,12,Rice.Herbivore,Rice.herb,20170608,2017,半翅目,Hemiptera,飛蝨科,Delphacidae,稻害者,孕穗末期,白背飛蝨
SC1,Flowering,Del,5,Rice.Herbivore,Rice.herb,20170608,2017,半翅目,Hemiptera,飛蝨科,Delphacidae,稻害者,孕穗末期,班飛蝨
SO1,Flowering,Del,2,Rice.Herbivore,Rice.herb,20170608,2017,半翅目,Hemiptera,飛蝨科,Delphacidae,稻害者,孕穗末期,白背飛蝨
SO1,Flowering,Del,14,Rice.Herbivore,Rice.herb,20170608,2017,半翅目,Hemiptera,飛蝨科,Delphacidae,稻害者,孕穗末期,班飛蝨
SO1,Flowering,Pyl,1,Rice.Herbivore,Rice.herb,20170608,2017,鱗翅目,Lepidoptera,螟蛾科,Pyralidae,稻害者,孕穗末期,二化螟
MC1,Ripening,Cic,6,Rice.Herbivore,Rice.herb,20170626,2017,半翅目,Hemiptera,葉蟬科,Cicadellidae,稻害者,黃熟期,偽黑尾葉蟬
MC1,Ripening,Del,11,Rice.Herbivore,Rice.herb,20170626,2017,半翅目,Hemiptera,飛蝨科,Delphacidae,稻害者,黃熟期,斑飛蝨
MC1,Ripening,Pen,1,Rice.Herbivore,Rice.herb,20170626,2017,半翅目,Hemiptera,椿象科,Pentatomidae,稻害者,黃熟期,南方綠椿象
LC1,Flowering,Sci,1,Parasitoid,Parasitoid,20170526,2017,雙翅目,Diptera,沼蠅科,Sciomyzidae,掠食/擬寄生者,孕穗期,長角沼蠅
LO1,Flowering,Sci,2,Parasitoid,Parasitoid,20170526,2017,雙翅目,Diptera,沼蠅科,Sciomyzidae,掠食/擬寄生者,孕穗期,長角沼蠅
MC1,Flowering,Sci,1,Parasitoid,Parasitoid,20170526,2017,雙翅目,Diptera,沼蠅科,Sciomyzidae,掠食/擬寄生者,抽穗期,長角沼蠅
SO1,Flowering,Sci,2,Parasitoid,Parasitoid,20170526,2017,雙翅目,Diptera,沼蠅科,Sciomyzidae,掠食/擬寄生者,孕穗期,長角沼蠅
MO1,Flowering,Sci,1,Parasitoid,Parasitoid,20170626,2017,雙翅目,Diptera,沼蠅科,Sciomyzidae,掠食/擬寄生者,抽穗期,長角沼蠅
LC1,Ripening,Sci,1,Parasitoid,Parasitoid,20170626,2017,雙翅目,Diptera,沼蠅科,Sciomyzidae,掠食/擬寄生者,乳熟期,長角沼蠅
LO1,Ripening,Sci,1,Parasitoid,Parasitoid,20170626,2017,雙翅目,Diptera,沼蠅科,Sciomyzidae,掠食/擬寄生者,乳熟期,長角沼蠅
SC1,Ripening,Sci,1,Parasitoid,Parasitoid,20170626,2017,雙翅目,Diptera,沼蠅科,Sciomyzidae,掠食/擬寄生者,乳熟期,
SO1,Ripening,Sci,8,Parasitoid,Parasitoid,20170626,2017,雙翅目,Diptera,沼蠅科,Sciomyzidae,掠食/擬寄生者,乳熟期,長角沼蠅
MO1,Tillering,Sci,1,Parasitoid,Parasitoid,20170502,2017,雙翅目,Diptera,沼蠅科,Sciomyzidae,掠食/擬寄生者,分?盛期,長角沼蠅
MC1,Flowering,Sci,1,Parasitoid,Parasitoid,20170512,2017,雙翅目,Diptera,沼蠅科,Sciomyzidae,掠食/擬寄生者,幼穗形成,長角沼蠅
SO1,Tillering,Sci,2,Parasitoid,Parasitoid,20170512,2017,雙翅目,Diptera,沼蠅科,Sciomyzidae,掠食/擬寄生者,分?終期,長角沼蠅
MO1,Tillering,Sci,2,Parasitoid,Parasitoid,20170526,2017,雙翅目,Diptera,沼蠅科,Sciomyzidae,掠食/擬寄生者,分?終期,長角沼蠅
SO1,Flowering,Sci,4,Parasitoid,Parasitoid,20170608,2017,雙翅目,Diptera,沼蠅科,Sciomyzidae,掠食/擬寄生者,孕穗末期,長角沼蠅
MC1,Ripening,Sci,4,Parasitoid,Parasitoid,20170626,2017,雙翅目,Diptera,沼蠅科,Sciomyzidae,掠食/擬寄生者,黃熟期,長角沼蠅
LO1,Flowering,CEC,1,Herbivore,Tour.herb,20170526,2017,雙翅目,Diptera,癭蚋科,Cecidomyiidae,雜草食者,孕穗期,
LO1,Flowering,Pyr,1,Herbivore,Tour.herb,20170526,2017,直翅目,Orthoptera,錐頭蝗科,Pyrgomorphidae,雜草食者,孕穗期,紅后負蝗
LO1,Flowering,Tri,1,Herbivore,Tour.herb,20170526,2017,直翅目,Orthoptera,蚤蝗科,Tridactylidae,雜草食者,孕穗期,
LO1,Flowering,Chr,1,Herbivore,Tour.herb,20170526,2017,鞘翅目,Coleoptera,金花蟲科,Chrysomelidae,雜草食者,孕穗期,
SO1,Flowering,Tri,1,Herbivore,Tour.herb,20170526,2017,直翅目,Orthoptera,蚤蝗科,Tridactylidae,雜草食者,孕穗期,
LO1,Ripening,Scu,1,Herbivore,Tour.herb,20170626,2017,半翅目,Hemiptera,盾椿科,Scutelleridae,雜草食者,乳熟期,黃盾背椿象
LO1,Seedling,CEC,1,Herbivore,Tour.herb,20170318,2017,雙翅目,Diptera,癭蚋科,Cecidomyiidae,雜草食者,未插秧,
LO1,Seedling,Rhy,4,Herbivore,Tour.herb,20170318,2017,半翅目,Hemiptera,地長椿科,Rhyparochromidae,雜草食者,未插秧,
LO1,Seedling,Lar,1,Herbivore,Tour.herb,20170318,2017,半翅目,Hemiptera,大星椿科,Largidae,雜草食者,未插秧,姬大星椿象
SO1,Seedling,Ter,4,Herbivore,Tour.herb,20170407,2017,直翅目,Orthoptera,菱蝗科,Tetrigidae,雜草食者,成活期,
SO1,Tillering,Tri,1,Herbivore,Tour.herb,20170417,2017,直翅目,Orthoptera,蚤蝗科,Tridactylidae,雜草食者,分?始期,
LO1,Tillering,Chr,3,Herbivore,Tour.herb,20170502,2017,鞘翅目,Coleoptera,金花蟲科,Chrysomelidae,雜草食者,分?盛期,黃條葉蚤
MC1,Tillering,Chr,1,Herbivore,Tour.herb,20170502,2017,鞘翅目,Coleoptera,金花蟲科,Chrysomelidae,雜草食者,分?盛期,黑額長筒金花蟲
MO1,Tillering,Chr,2,Herbivore,Tour.herb,20170502,2017,鞘翅目,Coleoptera,金花蟲科,Chrysomelidae,雜草食者,分?盛期,黃條葉蚤
LO1,Tillering,Chr,1,Herbivore,Tour.herb,20170512,2017,鞘翅目,Coleoptera,金花蟲科,Chrysomelidae,雜草食者,分?終期,黃條葉蚤
MC1,Flowering,CEC,1,Herbivore,Tour.herb,20170512,2017,雙翅目,Diptera,癭蚋科,Cecidomyiidae,雜草食者,幼穗形成,
MO1,Tillering,Chr,1,Herbivore,Tour.herb,20170512,2017,鞘翅目,Coleoptera,金花蟲科,Chrysomelidae,雜草食者,分?終期,
SO1,Tillering,Scu,1,Herbivore,Tour.herb,20170512,2017,半翅目,Hemiptera,盾椿科,Scutelleridae,雜草食者,分?終期,黃盾背椿象
LC1,Flowering,CEC,1,Herbivore,Tour.herb,20170608,2017,雙翅目,Diptera,癭蚋科,Cecidomyiidae,雜草食者,孕穗末期,
MC1,Flowering,Chr,1,Herbivore,Tour.herb,20170608,2017,鞘翅目,Coleoptera,金花蟲科,Chrysomelidae,雜草食者,齊穗期,黃條葉蚤
